-- phpMyAdmin SQL Dump
-- version 4.6.5.2
-- https://www.phpmyadmin.net/
--
-- Host: 127.0.0.1
-- Generation Time: Feb 09, 2021 at 10:37 AM
-- Server version: 10.1.21-MariaDB
-- PHP Version: 5.6.30

SET SQL_MODE = "NO_AUTO_VALUE_ON_ZERO";
SET time_zone = "+00:00";


/*!40101 SET @OLD_CHARACTER_SET_CLIENT=@@CHARACTER_SET_CLIENT */;
/*!40101 SET @OLD_CHARACTER_SET_RESULTS=@@CHARACTER_SET_RESULTS */;
/*!40101 SET @OLD_COLLATION_CONNECTION=@@COLLATION_CONNECTION */;
/*!40101 SET NAMES utf8mb4 */;

--
-- Database: `tes_karyawan`
--

-- --------------------------------------------------------

--
-- Table structure for table `tbl_jawaban_siswa`
--

CREATE TABLE `tbl_jawaban_siswa` (
  `id_siswa` int(11) NOT NULL,
  `id_soal` int(11) NOT NULL,
  `jawaban_siswa` varchar(2) NOT NULL
) ENGINE=InnoDB DEFAULT CHARSET=latin1;

--
-- Dumping data for table `tbl_jawaban_siswa`
--

INSERT INTO `tbl_jawaban_siswa` (`id_siswa`, `id_soal`, `jawaban_siswa`) VALUES
(1342048, 1983, '2'),
(22232483, 2009, '3'),
(1342048, 2006, '1'),
(19582650, 2017, '4'),
(22431511, 2003, '4'),
(23766070, 1992, '3'),
(1342048, 1988, '4'),
(21577613, 1981, '2'),
(21679407, 1987, '1'),
(25153421, 1992, '3'),
(22672608, 2006, '3'),
(24233640, 2014, '3'),
(1342048, 2016, '4'),
(21338262, 1992, '2'),
(25239231, 2008, '3'),
(21337968, 2010, '2'),
(1342048, 1997, '4'),
(23766070, 1988, '2'),
(16418062, 2007, '1'),
(16034214, 2019, '3'),
(25153421, 2017, '2'),
(21679407, 2011, '2'),
(19582650, 2016, '4'),
(21337579, 2007, '4'),
(24334786, 2002, '1'),
(23766070, 1989, '1'),
(21338683, 1982, '3'),
(24585347, 2000, '2'),
(21338262, 2016, '2'),
(1342048, 1998, '2'),
(22431511, 2006, '3'),
(21577613, 1982, '3'),
(24233640, 1984, '4'),
(22672608, 2018, '3'),
(21337968, 2002, '1'),
(23766070, 2006, '2'),
(22232495, 1989, '4'),
(22430872, 2001, '4'),
(25153421, 2012, '3'),
(25239231, 2019, '3'),
(1342048, 2010, '1'),
(22030541, 1997, '2'),
(22232483, 1980, '2'),
(24334786, 1985, '2'),
(19582650, 2018, '3'),
(21679407, 2018, '4'),
(24585347, 2007, '4'),
(15573954, 1997, '3'),
(23937793, 2007, '3'),
(24233640, 1988, '3'),
(21338262, 2008, '3'),
(22431608, 1992, '3'),
(21337968, 1989, '2'),
(22516121, 2000, '2'),
(28295664, 1980, '2'),
(21337579, 1994, '4'),
(23766070, 2011, '3'),
(26172923, 1993, '3'),
(22672608, 1998, '2'),
(22430872, 1986, '3'),
(21338209, 1989, '4'),
(16418062, 1999, '3'),
(20393585, 1980, '4'),
(1342048, 1985, '1'),
(25239222, 2015, '2'),
(19582650, 1996, '1'),
(22030541, 2007, '2'),
(24334786, 1986, '3'),
(21338262, 1986, '3'),
(27960978, 1997, '2'),
(24585347, 1985, '3'),
(22431608, 2008, '1'),
(22030541, 1985, '2'),
(22430872, 2013, '1'),
(21653279, 2005, '3'),
(23766070, 2007, '1'),
(22973297, 2015, '4'),
(24334786, 1981, '1'),
(28295664, 1986, '1'),
(22232495, 1983, '4'),
(23593652, 2007, '2'),
(21338683, 2006, '2'),
(23877551, 2013, '3'),
(26172923, 2009, '3'),
(28023152, 1987, '1'),
(24334764, 1993, '2'),
(22431623, 1990, '1'),
(16034214, 1995, '3'),
(15573954, 1984, '3'),
(25153421, 2003, '3'),
(22672608, 2009, '1'),
(21338262, 2002, '3'),
(20393585, 1982, '4'),
(22431608, 2006, '3'),
(22030541, 2017, '2'),
(22232483, 2008, '4'),
(23766070, 1993, '2'),
(21338209, 1987, '1'),
(24017024, 1987, '1'),
(21337968, 1980, '2'),
(21577613, 2000, '2'),
(24233640, 1986, '4'),
(24092316, 1996, '1'),
(24334692, 1984, '2'),
(23937793, 1989, '1'),
(24334786, 2014, '4'),
(21679407, 1988, '2'),
(32881503, 2004, '3'),
(25239231, 1980, '3'),
(22973297, 2004, '4'),
(22030541, 1993, '2'),
(24585347, 1997, '2'),
(22431511, 2010, '3'),
(24376077, 2019, '3'),
(22516121, 1993, '3'),
(22431608, 1993, '2'),
(21338262, 1994, '1'),
(16418062, 2011, '2'),
(16034214, 2004, '1'),
(23593652, 1999, '4'),
(1342048, 1995, '4'),
(23766070, 2013, '3'),
(22232480, 1982, '4'),
(25153421, 1982, '4'),
(21653279, 1990, '3'),
(21338683, 1981, '3'),
(22430872, 2009, '1'),
(22672608, 1981, '3'),
(22958566, 2004, '1'),
(28295664, 2019, '3'),
(16418062, 1990, '1'),
(21338262, 1988, '2'),
(24691173, 2013, '4'),
(22030541, 1981, '3'),
(25239270, 1984, '3'),
(24334764, 2018, '2'),
(23766070, 1996, '1'),
(26369753, 1998, '1'),
(22431511, 2016, '2'),
(25239231, 1995, '4'),
(1342048, 1990, '1'),
(25239222, 1998, '4'),
(24334692, 1989, '1'),
(22431608, 1985, '1'),
(22232495, 1992, '2'),
(22973297, 2019, '3'),
(24334786, 2000, '2'),
(23937793, 1998, '4'),
(18318050, 2011, '2'),
(26172923, 2001, '4'),
(28477461, 2018, '2'),
(22044318, 1992, '4'),
(28295664, 1997, '2'),
(21338209, 2016, '2'),
(22516121, 1983, '4'),
(24585347, 1986, '3'),
(25153421, 2010, '3'),
(22030541, 2014, '4'),
(22430872, 1993, '4'),
(24233640, 2011, '2'),
(22232480, 1996, '2'),
(21338262, 1983, '1'),
(22672608, 1997, '1'),
(22232483, 1998, '2'),
(25239231, 2017, '4'),
(21337968, 2012, '2'),
(15573954, 2009, '3'),
(22973297, 2003, '2'),
(1342048, 1984, '4'),
(21679407, 2014, '2'),
(22030541, 1994, '2'),
(27960978, 1995, '4'),
(21577613, 1980, '3'),
(19582650, 2013, '2'),
(25239270, 1981, '3'),
(24334786, 2011, '1'),
(16034214, 2014, '2'),
(24691173, 2004, '1'),
(25239231, 1981, '3'),
(20393585, 2012, '1'),
(21338683, 2000, '4'),
(22672608, 1993, '3'),
(22431511, 1994, '1'),
(23766070, 2005, '2'),
(24376077, 1985, '1'),
(24092316, 2001, '2'),
(22958566, 2007, '1'),
(21653279, 1994, '2'),
(23937793, 2015, '4'),
(22232480, 1992, '1'),
(22431608, 1988, '4'),
(26369753, 2010, '4'),
(22431663, 2009, '3'),
(23877551, 1989, '4'),
(22431623, 2001, '4'),
(25153421, 1981, '4'),
(22430872, 1980, '4'),
(32881503, 2001, '2'),
(22232483, 2000, '2'),
(23593652, 1985, '4'),
(28477461, 2016, '2'),
(24233640, 1983, '1'),
(16034214, 2009, '3'),
(28295664, 2015, '4'),
(25239222, 2011, '4'),
(25239231, 1986, '1'),
(22973297, 2005, '3'),
(24585347, 1982, '4'),
(22672608, 1980, '4'),
(15438566, 1991, '1'),
(24334786, 2012, '2'),
(21653279, 1981, '4'),
(1342048, 2004, '1'),
(15573954, 2012, '1'),
(22030541, 2005, '4'),
(21679407, 1996, '2'),
(22232495, 2006, '2'),
(20997666, 2013, '1'),
(20891325, 1982, '2'),
(28023152, 2016, '3'),
(24334692, 2017, '1'),
(22516121, 1982, '4'),
(23937768, 2006, '2'),
(21337968, 1999, '1'),
(24017024, 1980, '3'),
(23937793, 2002, '3'),
(25239270, 1996, '2'),
(24334764, 2009, '1'),
(1342048, 1982, '3'),
(22672608, 2013, '4'),
(22044318, 2003, '2'),
(24334786, 1994, '1'),
(22030541, 1988, '1'),
(15017827, 2007, '4'),
(22973297, 1996, '1'),
(22431608, 2013, '3'),
(19582650, 2004, '3'),
(21338209, 1995, '3'),
(22431511, 2007, '4'),
(16034214, 1999, '1'),
(24691173, 1999, '4'),
(21338683, 1994, '4'),
(26938134, 1990, '1'),
(23766070, 1991, '3'),
(28295664, 2014, '3'),
(24334692, 1980, '1'),
(25239231, 1999, '2'),
(22672608, 1996, '2'),
(26369753, 1983, '3'),
(22030541, 1989, '1'),
(24334687, 1981, '3'),
(22973297, 2006, '1'),
(23937793, 2001, '4'),
(22516121, 1980, '2'),
(23593652, 2013, '1'),
(25153421, 2015, '4'),
(22232483, 2019, '2'),
(24017024, 1985, '4'),
(26172923, 1991, '4'),
(22958566, 2006, '2'),
(21039673, 2010, '4'),
(25239222, 2017, '2'),
(22430872, 2004, '3'),
(22232480, 1991, '1'),
(18318050, 1990, '1'),
(24334692, 2000, '2'),
(24691173, 1982, '2'),
(28477461, 2009, '1'),
(24334786, 2001, '2'),
(25239231, 1993, '1'),
(15573954, 2008, '4'),
(26369753, 1984, '2'),
(22232495, 1987, '1'),
(23877551, 1993, '3'),
(19582650, 1984, '2'),
(31972607, 2012, '2'),
(16418062, 2015, '4'),
(21653279, 2015, '4'),
(23937768, 1987, '3'),
(23930929, 2015, '4'),
(18284617, 1997, '2'),
(24233640, 1992, '3'),
(24585347, 1981, '3'),
(22672608, 1983, '3'),
(27960978, 1996, '3'),
(22030541, 2008, '2'),
(22430872, 1998, '3'),
(22516121, 1999, '2'),
(22431608, 2002, '1'),
(28295664, 2000, '2'),
(20891325, 1985, '1'),
(22973297, 1988, '2'),
(22431623, 2005, '4'),
(22232453, 2001, '4'),
(21337968, 1991, '3'),
(22044318, 2016, '2'),
(28023152, 2002, '4'),
(21577613, 2007, '1'),
(22235185, 2008, '4'),
(26172923, 1988, '3'),
(1342048, 1992, '2'),
(25153421, 2016, '3'),
(22672608, 1992, '1'),
(23766070, 2012, '3'),
(21338683, 2002, '3'),
(21338209, 1990, '1'),
(24691173, 2011, '3'),
(22431511, 2014, '2'),
(23937793, 1985, '2'),
(25291341, 2013, '1'),
(21337579, 1984, '3'),
(16418062, 1996, '2'),
(24334692, 2005, '2'),
(24585347, 1999, '2'),
(21679407, 1982, '4'),
(24334786, 2016, '4'),
(24233640, 1981, '3'),
(25239222, 2007, '1'),
(22431608, 2010, '3'),
(22430872, 2012, '1'),
(15573954, 2017, '2'),
(22030541, 1987, '1'),
(22958566, 1998, '4'),
(21338214, 2001, '2'),
(21337968, 1996, '2'),
(24092316, 1997, '4'),
(30132582, 1998, '3'),
(28477461, 2005, '3'),
(21653279, 2012, '2'),
(23877551, 2019, '3'),
(22973297, 2009, '3'),
(28295664, 1987, '4'),
(23937768, 2002, '1'),
(24376077, 2007, '3'),
(20393585, 1995, '4'),
(25239231, 2007, '2'),
(22516121, 1990, '1'),
(25239270, 1991, '4'),
(31972607, 2001, '2'),
(21338683, 2018, '1'),
(24334687, 2017, '1'),
(24691173, 1986, '3'),
(26369753, 2011, '2'),
(16034214, 1997, '4'),
(24092355, 2010, '1'),
(22672608, 2007, '2'),
(23162161, 2016, '3'),
(22672688, 1995, '2'),
(15573954, 2001, '4'),
(16418062, 2008, '4'),
(20891325, 1991, '3'),
(22232483, 1985, '2'),
(22431511, 2017, '4'),
(24334786, 1998, '2'),
(19582650, 2014, '4'),
(23937793, 2000, '4'),
(22044318, 1981, '4'),
(23766070, 2001, '3'),
(22431618, 1986, '4'),
(24017024, 2004, '2'),
(24334692, 2010, '1'),
(26172923, 1998, '4'),
(22430872, 2003, '3'),
(22973297, 1994, '1'),
(22030541, 2009, '2'),
(18318050, 1991, '3'),
(22431608, 1983, '3'),
(32881503, 1997, '3'),
(21338209, 2015, '4'),
(20997666, 1989, '2'),
(25153421, 1993, '1'),
(23937768, 1982, '4'),
(25291341, 2018, '3'),
(15573954, 1990, '3'),
(24334764, 1980, '2'),
(23593652, 1993, '1'),
(21337579, 2002, '2'),
(21039673, 1998, '4'),
(22235185, 1982, '1'),
(16034214, 2011, '2'),
(21337968, 2000, '2'),
(21158596, 1984, '3'),
(21679407, 2000, '2'),
(24691173, 1996, '2'),
(22232495, 2004, '4'),
(24233640, 2012, '3'),
(22431618, 1996, '2'),
(22672608, 1994, '3'),
(24334786, 1984, '2'),
(22431511, 2008, '3'),
(22973297, 1993, '3'),
(1342048, 2000, '1'),
(25239231, 1997, '4'),
(24585347, 1988, '4'),
(21338214, 1985, '3'),
(26172923, 2008, '1'),
(22431663, 1993, '2'),
(24376077, 1998, '2'),
(28295664, 1991, '4'),
(22430872, 2007, '4'),
(22232480, 1990, '3'),
(25153421, 1991, '4'),
(15573954, 2018, '3'),
(24334687, 2010, '3'),
(24092355, 2015, '3'),
(21577613, 2012, '3'),
(22516121, 2003, '2'),
(26369753, 2016, '4'),
(22431608, 1989, '4'),
(18284617, 1981, '3'),
(24334692, 2008, '1'),
(21338262, 1982, '2'),
(27960978, 2000, '2'),
(22030541, 2000, '4'),
(20393585, 2015, '4'),
(23937793, 2006, '2'),
(31972607, 2010, '2'),
(21338209, 1984, '2'),
(22044318, 1995, '4'),
(22431618, 1984, '3'),
(25291341, 2016, '3'),
(25239231, 2011, '1'),
(24585347, 1992, '1'),
(1342048, 1986, '2'),
(15573954, 2006, '3'),
(22672608, 2010, '3'),
(15438566, 2001, '2'),
(24334786, 2009, '2'),
(22430872, 1982, '4'),
(24233640, 1991, '4'),
(21039673, 2009, '2'),
(24334764, 2006, '3'),
(23877551, 2004, '4'),
(24691173, 1981, '1'),
(21337968, 1995, '3'),
(21158596, 1995, '2'),
(21338683, 1988, '4'),
(29843688, 2018, '4'),
(15017827, 2006, '3'),
(30132582, 1993, '2'),
(22958566, 1988, '4'),
(24334687, 1996, '4'),
(24017024, 1995, '2'),
(23766070, 1998, '2'),
(25153421, 2002, '4'),
(22973297, 2013, '1'),
(28023152, 2007, '4'),
(26172923, 2007, '2'),
(26369753, 2012, '3'),
(22232480, 1994, '3'),
(23593652, 1995, '3'),
(22431618, 1998, '2'),
(24334786, 2003, '1'),
(22232453, 2019, '3'),
(22431608, 1997, '4'),
(28295664, 1995, '1'),
(18284617, 2006, '1'),
(28477461, 2019, '2'),
(23162161, 1999, '1'),
(25239231, 2013, '3'),
(24334692, 2019, '3'),
(21158596, 1981, '3'),
(22672688, 2002, '1'),
(21653279, 2001, '4'),
(22430872, 2002, '4'),
(22973297, 2000, '2'),
(18318050, 2008, '1'),
(25153421, 1987, '1'),
(22431618, 1987, '1'),
(25239222, 2019, '3'),
(30132582, 1988, '3'),
(26579071, 2015, '4'),
(15573954, 2019, '3'),
(24691173, 2019, '3'),
(23766070, 2018, '2'),
(24334692, 1986, '1'),
(22431608, 1986, '3'),
(14930854, 2005, '3'),
(21338262, 1981, '4'),
(22672594, 1986, '3'),
(29843688, 2010, '2'),
(1342048, 2014, '2'),
(24092355, 1987, '1'),
(241375441, 2013, '3'),
(28477461, 2007, '1'),
(22044318, 1998, '4'),
(24233666, 1990, '3'),
(22232453, 1985, '4'),
(22235185, 1998, '3'),
(17919698, 1985, '1'),
(24233640, 2008, '4'),
(23930929, 2014, '4'),
(21337968, 2003, '4'),
(21338209, 1997, '3'),
(15573954, 1980, '3'),
(24334786, 2013, '3'),
(24017024, 1992, '4'),
(22232483, 1987, '4'),
(22030541, 1982, '1'),
(24376077, 1986, '2'),
(22516121, 1994, '2'),
(22672608, 2015, '4'),
(22973297, 1986, '3'),
(23593652, 2016, '2'),
(18284617, 2002, '1'),
(24334687, 1983, '3'),
(22431511, 1985, '4'),
(21338214, 2019, '2'),
(15438566, 1993, '3'),
(23937768, 2013, '1'),
(31972607, 1993, '1'),
(15017827, 1992, '1'),
(26369753, 1987, '2'),
(30132582, 2009, '2'),
(27960978, 2008, '1'),
(21338683, 1991, '2'),
(24334692, 2011, '2'),
(22431618, 2008, '4'),
(21653279, 1980, '3'),
(21337579, 1981, '2'),
(24691173, 2018, '4'),
(22430872, 2006, '3'),
(22232480, 2003, '3'),
(26938134, 2007, '1'),
(21679407, 2002, '1'),
(26172923, 2015, '4'),
(21577613, 2018, '3'),
(29843688, 2002, '2'),
(22030541, 1991, '4'),
(22672688, 2019, '4'),
(20393585, 1987, '2'),
(22431608, 1991, '3'),
(23766070, 1995, '4'),
(23877551, 2010, '3'),
(22672608, 2003, '2'),
(20997666, 1993, '4'),
(18318050, 1997, '4'),
(24334786, 1988, '4'),
(28477461, 2002, '4'),
(21337968, 1993, '2'),
(25239222, 1989, '1'),
(24092316, 2012, '2'),
(30132582, 2019, '2'),
(22973297, 2012, '4'),
(26369753, 2003, '1'),
(15573954, 2000, '2'),
(21338214, 1993, '2'),
(28295664, 2005, '2'),
(21039673, 1989, '3'),
(25239231, 2002, '1'),
(32070962, 1992, '2'),
(22958566, 1999, '2'),
(23162161, 2014, '3'),
(22030541, 2016, '3'),
(1342048, 1996, '3'),
(22516121, 1992, '2'),
(30178616, 1989, '3'),
(20268988, 2003, '3'),
(22232495, 2005, '3'),
(24092355, 1991, '4'),
(21653279, 1991, '4'),
(22431663, 1988, '4'),
(24233666, 1985, '4'),
(22672608, 2001, '4'),
(25153421, 2008, '1'),
(24334764, 1994, '3'),
(22431608, 2015, '2'),
(21510546, 1989, '1'),
(27960978, 2004, '1'),
(22232480, 1980, '4'),
(22431618, 2015, '4'),
(24585347, 2011, '3'),
(24334786, 1999, '2'),
(24334692, 2002, '4'),
(21158596, 1988, '4'),
(22430872, 1997, '1'),
(16418062, 1991, '3'),
(23930929, 2002, '1'),
(21338209, 1988, '4'),
(15573954, 1987, '1'),
(15017827, 2004, '3'),
(26579071, 2001, '3'),
(1342048, 1981, '1'),
(24691173, 2000, '4'),
(26369753, 2017, '4'),
(22973297, 2001, '4'),
(22232483, 1983, '4'),
(16194890, 1987, '1'),
(28295664, 1985, '4'),
(18284617, 2008, '2'),
(21338214, 1980, '1'),
(21679407, 1983, '3'),
(22030541, 2010, '3'),
(28477461, 2013, '1'),
(20393585, 1990, '3'),
(23877551, 1996, '3'),
(16034214, 1984, '4'),
(22672608, 2008, '3'),
(24092316, 1999, '1'),
(22516121, 2007, '4'),
(21337968, 2001, '2'),
(30132582, 2010, '3'),
(22431608, 1982, '1'),
(24334692, 1985, '2'),
(25291341, 2019, '2'),
(22044318, 1997, '3'),
(20891325, 1993, '2'),
(22431618, 2005, '1'),
(28023152, 1985, '1'),
(21577613, 2013, '3'),
(21653279, 2013, '4'),
(241375441, 1989, '4'),
(19582650, 2002, '4'),
(24017024, 1990, '3'),
(21337579, 2014, '3'),
(22232453, 2014, '1'),
(24334786, 2017, '1'),
(24334687, 2016, '4'),
(26369753, 2000, '2'),
(24691173, 1980, '4'),
(29843688, 2001, '3'),
(24376077, 1992, '1'),
(22973297, 1999, '2'),
(21434704, 2000, '3'),
(32070962, 1986, '2'),
(20393585, 1996, '2'),
(22672688, 1990, '3'),
(21338683, 1995, '3'),
(26172923, 2004, '4'),
(24652866, 1992, '1'),
(26938134, 1982, '2'),
(25239270, 1990, '2'),
(22958566, 1990, '2'),
(30178616, 1994, '1'),
(22430872, 2005, '2'),
(23937793, 1983, '2'),
(30132582, 1981, '4'),
(22235185, 1992, '2'),
(31972607, 2018, '1'),
(22672607, 1988, '2'),
(20268988, 1998, '3'),
(21158596, 2012, '2'),
(22431623, 1988, '2'),
(24092316, 2007, '3'),
(24092279, 1998, '4'),
(20997666, 1994, '4'),
(23930929, 1994, '2'),
(24334687, 2007, '1'),
(26369753, 1980, '3'),
(15573954, 2015, '3'),
(14930854, 1989, '4'),
(25153421, 2000, '2'),
(1342048, 2015, '3'),
(24334764, 1983, '3'),
(28023152, 1989, '4'),
(22672608, 1999, '4'),
(16418062, 1993, '3'),
(22232453, 2002, '3'),
(22431663, 2005, '4'),
(27960978, 2002, '3'),
(22030541, 1986, '2'),
(241375441, 1991, '4'),
(16034214, 1983, '3'),
(32070962, 1984, '2'),
(26172923, 1983, '4'),
(22431618, 2010, '3'),
(23937768, 1989, '1'),
(24376077, 2011, '3'),
(16194890, 1995, '2'),
(22431511, 1997, '2'),
(25239270, 1980, '2'),
(23162161, 2019, '3'),
(29843688, 1998, '3'),
(31972607, 1997, '1'),
(21577613, 1985, '4'),
(28295664, 2001, '3'),
(21510546, 1981, '2'),
(24334786, 2007, '1'),
(24652866, 1991, '1'),
(26369753, 1991, '4'),
(21337579, 2016, '1'),
(24334692, 1997, '2'),
(17919698, 2002, '3'),
(15017827, 1980, '4'),
(18284617, 2011, '2'),
(22431623, 1987, '1'),
(241375441, 1980, '2'),
(21337968, 2008, '1'),
(24334687, 1980, '3'),
(24233640, 1998, '1'),
(22973297, 2011, '2'),
(23766070, 1983, '3'),
(22516121, 1986, '2'),
(24334786, 1983, '3'),
(21338262, 1990, '4'),
(22430872, 2008, '3'),
(22431608, 2011, '2'),
(24017024, 2007, '4'),
(22030541, 1995, '2'),
(25239222, 2000, '4'),
(23593652, 1991, '2'),
(25153421, 1980, '2'),
(26579071, 1995, '2'),
(22672607, 1985, '4'),
(21679407, 1986, '3'),
(28477461, 2011, '4'),
(24233666, 2008, '2'),
(21653279, 2010, '2'),
(24334764, 1999, '2'),
(22232453, 2018, '3'),
(21338683, 2011, '3'),
(24691173, 1985, '4'),
(26172923, 2006, '3'),
(16194890, 1981, '3'),
(24092355, 1995, '2'),
(22232483, 1989, '4'),
(22672608, 1991, '2'),
(24334692, 1982, '2'),
(23766070, 1981, '2'),
(22431618, 2007, '1'),
(22973297, 1981, '3'),
(21434704, 1995, '4'),
(21338262, 2012, '1'),
(25239231, 1996, '2'),
(22958566, 1992, '1'),
(1342048, 1993, '3'),
(25239270, 2019, '3'),
(22044318, 1994, '2'),
(24585347, 2004, '3'),
(26938134, 1992, '1'),
(29843688, 2012, '3'),
(20891325, 2015, '3'),
(23937793, 2009, '3'),
(20268988, 2009, '1'),
(15438566, 2003, '3'),
(15573954, 1993, '2'),
(22232480, 2004, '3'),
(23162161, 1990, '3'),
(26369753, 1982, '1'),
(22431663, 2013, '3'),
(22431608, 2018, '3'),
(26579071, 1984, '4'),
(16034214, 1982, '2'),
(21337579, 2008, '1'),
(21337968, 2005, '1'),
(23593652, 1983, '3'),
(14930854, 2009, '3'),
(24334687, 1990, '1'),
(19582650, 1991, '4'),
(22672688, 1999, '4'),
(25239231, 1985, '1'),
(21158596, 2005, '3'),
(22431618, 2016, '3'),
(22232453, 2008, '3'),
(24334764, 2017, '3'),
(24691173, 2003, '3'),
(22030541, 1980, '2'),
(24334786, 2010, '3'),
(24092279, 2009, '3'),
(21653279, 1989, '1'),
(22431511, 1991, '2'),
(16418062, 2002, '1'),
(32070962, 2017, '2'),
(24334692, 2014, '4'),
(22672594, 2007, '3'),
(23937793, 2011, '3'),
(24652866, 2006, '3'),
(22672608, 2017, '4'),
(24233666, 1999, '2'),
(22973297, 1983, '3'),
(25153421, 2006, '2'),
(23930929, 1990, '4'),
(24376077, 2004, '3'),
(28023152, 1982, '4'),
(21338214, 2017, '3'),
(24233640, 2010, '2'),
(28477461, 1983, '4'),
(15573954, 1982, '4'),
(32881503, 1999, '2'),
(1342048, 2018, '3'),
(21338262, 2011, '2'),
(241375441, 2015, '2'),
(23766070, 2016, '1'),
(24017024, 2000, '4'),
(26369753, 1995, '4'),
(21577613, 2004, '3'),
(19582650, 1992, '3'),
(24092355, 1989, '4'),
(21494913, 2012, '2'),
(21434704, 2010, '2'),
(21337579, 1987, '2'),
(25239270, 2010, '3'),
(22431623, 1993, '1'),
(29843688, 1999, '2'),
(21338683, 1996, '3'),
(21337968, 1987, '2'),
(24585347, 2017, '2'),
(26579071, 1999, '3'),
(23937793, 1988, '2'),
(22431663, 2015, '4'),
(20268988, 1984, '4'),
(16194890, 2017, '4'),
(22030541, 2013, '2'),
(27960978, 1992, '1'),
(24334692, 1996, '2'),
(22516121, 2016, '3'),
(23162161, 2012, '3'),
(24092316, 2008, '4'),
(16418062, 1992, '3'),
(22431608, 2012, '3'),
(14930854, 2007, '4'),
(25153421, 1997, '2'),
(21653279, 1999, '3'),
(21338209, 1993, '3'),
(15017827, 2008, '3'),
(22672607, 1994, '3'),
(26172923, 1989, '1'),
(23937768, 1985, '4'),
(22672608, 2012, '3'),
(20393585, 2009, '3'),
(22431618, 1994, '3'),
(22232480, 2001, '4'),
(22973297, 2014, '3'),
(21158596, 1986, '4'),
(20997666, 2012, '3'),
(241375441, 1999, '2'),
(24334692, 1987, '1'),
(22431511, 1987, '1'),
(19582650, 1993, '2'),
(22430872, 2018, '3'),
(15573954, 1991, '3'),
(31972607, 2015, '4'),
(23593652, 2004, '2'),
(24233666, 1996, '2'),
(24017024, 1991, '1'),
(20268988, 1996, '2'),
(20891325, 1986, '3'),
(24334764, 1984, '2'),
(22044318, 2002, '2'),
(21337968, 1986, '3'),
(30132582, 2007, '1'),
(24092355, 1990, '1'),
(23162161, 1994, '3'),
(21434704, 2009, '1'),
(16034214, 2007, '3'),
(25239222, 1981, '4'),
(24652866, 2007, '1'),
(21577613, 1992, '4'),
(22672688, 2004, '2'),
(22958566, 1997, '4'),
(27960978, 2003, '1'),
(15438566, 2018, '3'),
(16418062, 2017, '2'),
(22431608, 1995, '4'),
(29843688, 1987, '4'),
(21679407, 1998, '3'),
(23766070, 2014, '3'),
(21338262, 1999, '3'),
(24334786, 1991, '3'),
(18284617, 1993, '4'),
(21039673, 1984, '1'),
(22431511, 2002, '3'),
(24691173, 1992, '1'),
(22672608, 2016, '3'),
(32070962, 1993, '1'),
(25239270, 1995, '3'),
(21338214, 2013, '3'),
(22431618, 2017, '2'),
(32881503, 2003, '4'),
(26369753, 2006, '2'),
(20393585, 2017, '2'),
(26172923, 1997, '3'),
(22973297, 2007, '4'),
(21338683, 2014, '3'),
(23162161, 1985, '4'),
(1342048, 2003, '2'),
(22232495, 2011, '3'),
(21337579, 1982, '3'),
(22431663, 1992, '2'),
(26938134, 2005, '4'),
(28023152, 1992, '4'),
(30132582, 1996, '1'),
(15017827, 2002, '3'),
(28477461, 2008, '3'),
(21337968, 1992, '3'),
(22232483, 1997, '3'),
(23930929, 1985, '4'),
(24017024, 2012, '1'),
(23937793, 1996, '2'),
(22430872, 1981, '1'),
(21158596, 2017, '4'),
(22232480, 1989, '4'),
(16194890, 2014, '3'),
(23937768, 1988, '2'),
(25153421, 2007, '3'),
(24334786, 1997, '2'),
(24334692, 2015, '3'),
(22044318, 2019, '3'),
(21338209, 2002, '3'),
(24233640, 2009, '3'),
(21510546, 1996, '1'),
(21338262, 2007, '3'),
(24652866, 1989, '2'),
(24233666, 1988, '3'),
(22672607, 1990, '1'),
(22235185, 2012, '2'),
(24334687, 2000, '4'),
(22431618, 1985, '4'),
(22030541, 1990, '2'),
(21337968, 2013, '3'),
(22958566, 2003, '3'),
(22516121, 1985, '2'),
(21434704, 1998, '4'),
(22431511, 1992, '3'),
(22672688, 2008, '4'),
(21494913, 2003, '2'),
(23883060, 1985, '1'),
(21338683, 2003, '3'),
(15573954, 2003, '1'),
(23162161, 2000, '2'),
(25239222, 1991, '4'),
(23766070, 2015, '4'),
(29843688, 2009, '3'),
(26369753, 1988, '2'),
(24691173, 2006, '4'),
(1342048, 1980, '1'),
(22430872, 2011, '2'),
(30132582, 2014, '3'),
(23877551, 2001, '4'),
(22973297, 1990, '4'),
(16418062, 1981, '1'),
(28295664, 2007, '4'),
(22672608, 1982, '4'),
(21158596, 1983, '3'),
(24334692, 2003, '1'),
(31972607, 1984, '4'),
(21338209, 1983, '2'),
(32070962, 1991, '1'),
(25239270, 2017, '2'),
(21337579, 2015, '4'),
(15017827, 2015, '4'),
(22431608, 2016, '4'),
(19582650, 2010, '2'),
(16034214, 2001, '4'),
(27960978, 1998, '2'),
(21577613, 1990, '1'),
(24017024, 1988, '2'),
(15438566, 2015, '4'),
(21039673, 2002, '1'),
(24334764, 2005, '1'),
(22431623, 1981, '2'),
(21338214, 1987, '1'),
(16194890, 1996, '2'),
(21653279, 2009, '3'),
(25239231, 2006, '4'),
(20393585, 1989, '3'),
(14930854, 2010, '4'),
(23930929, 1981, '1'),
(22044318, 2000, '2'),
(24092279, 1999, '4'),
(30132582, 2016, '3'),
(20997666, 2003, '1'),
(23937768, 2004, '3'),
(22232480, 2012, '3'),
(24376077, 1982, '2'),
(25239270, 2011, '3'),
(24691173, 1990, '4'),
(26172923, 2019, '2'),
(22672688, 1986, '3'),
(24233640, 1982, '1'),
(24334786, 1980, '1'),
(25153421, 2011, '3'),
(22232453, 2010, '2'),
(21434704, 2003, '3'),
(22030541, 2006, '2'),
(22973297, 2008, '1'),
(26369753, 1999, '2'),
(21338683, 1984, '3'),
(20891333, 2004, '3'),
(29843688, 1992, '1'),
(22430872, 1983, '3'),
(28295664, 2006, '3'),
(23162161, 1983, '1'),
(23937793, 2016, '4'),
(26579071, 2016, '4'),
(21510546, 1987, '3'),
(24092355, 2012, '2'),
(1342048, 2007, '1'),
(28023152, 2019, '3'),
(22431608, 2003, '3'),
(24334692, 1983, '1'),
(24691173, 1988, '3'),
(25239270, 2003, '3'),
(23883060, 2004, '3'),
(24652866, 2011, '2'),
(21338209, 2018, '3'),
(22672594, 1997, '3'),
(21158596, 1991, '4'),
(28477461, 1989, '1'),
(22431618, 2013, '1'),
(23162161, 1991, '1'),
(21337968, 1990, '1'),
(22431511, 1995, '2'),
(22672608, 2014, '4'),
(25291341, 1992, '1'),
(22030541, 2019, '1'),
(15438566, 1986, '2'),
(32881503, 2016, '2'),
(21653279, 1997, '2'),
(18318050, 1998, '2'),
(20393585, 1991, '1'),
(17919698, 2016, '4'),
(24585347, 2012, '3'),
(26579071, 1985, '4'),
(24233666, 2004, '1'),
(25239231, 2001, '2'),
(14930854, 1990, '3'),
(22431623, 1996, '2'),
(27960978, 2006, '2'),
(20268988, 1990, '3'),
(26172923, 2012, '3'),
(26369753, 1990, '4'),
(22973297, 1985, '2'),
(21338262, 1996, '2'),
(30132582, 1991, '4'),
(24334786, 1992, '1'),
(22235185, 1996, '2'),
(15573954, 2013, '2'),
(22672608, 2011, '3'),
(22232480, 1987, '3'),
(21337968, 2016, '3'),
(24334687, 1993, '2'),
(16194890, 2012, '2'),
(23162161, 2006, '3'),
(21158596, 1982, '4'),
(22672607, 1996, '2'),
(21510546, 1991, '4'),
(24092355, 1983, '3'),
(22232453, 2009, '2'),
(22431663, 2012, '4'),
(22431618, 2006, '2'),
(20891325, 1995, '4'),
(23937793, 1982, '2'),
(26369753, 1993, '2'),
(28477461, 1996, '2'),
(25239270, 1994, '4'),
(22044318, 1990, '3'),
(21653279, 1987, '3'),
(32070962, 2004, '4'),
(22431608, 2001, '2'),
(21338209, 1981, '3'),
(1342048, 2009, '4'),
(23766070, 1994, '2'),
(24334786, 1989, '1'),
(29843688, 2006, '4'),
(28295664, 2016, '3'),
(16034214, 2018, '3'),
(21337579, 2001, '2'),
(22672608, 2019, '3'),
(24334764, 1987, '2'),
(22973297, 2010, '3'),
(22030541, 2004, '3'),
(32881503, 2000, '2'),
(23883060, 2013, '3'),
(15438566, 1989, '2'),
(21434704, 2002, '4'),
(30132582, 1980, '2'),
(28023152, 2000, '2'),
(21338683, 2013, '1'),
(24334692, 1999, '2'),
(21679407, 2015, '4'),
(21338214, 2010, '2'),
(23937768, 2016, '3'),
(15017827, 2014, '1'),
(22958566, 1991, '2'),
(25239231, 2018, '1'),
(22232483, 1988, '4'),
(21653279, 1988, '4'),
(21577613, 2005, '3'),
(22672688, 2003, '3'),
(22516121, 2019, '2'),
(31972607, 1981, '2'),
(22235185, 1987, '3'),
(23162161, 1992, '1'),
(24334687, 1992, '2'),
(24334786, 1987, '2'),
(16194890, 2015, '4'),
(24092279, 2014, '3'),
(14930854, 2019, '2'),
(22431511, 1981, '1'),
(22431663, 2008, '1'),
(26938134, 2019, '2'),
(22430872, 1985, '4'),
(21337968, 1985, '4'),
(18318050, 2010, '3'),
(22431618, 1991, '4'),
(20268988, 2007, '4'),
(21338262, 2013, '3'),
(27960978, 1980, '3'),
(26579071, 1990, '4'),
(24652866, 1999, '4'),
(16418062, 2001, '2'),
(20891325, 2008, '4'),
(28295664, 1996, '2'),
(20393585, 1988, '4'),
(22431608, 2005, '3'),
(24691173, 2005, '2'),
(22030541, 2018, '3'),
(21338209, 2003, '3'),
(24585347, 2005, '1'),
(22672608, 1989, '1'),
(26369753, 2001, '2'),
(22672594, 1990, '2'),
(24334764, 2003, '1'),
(15573954, 2014, '3'),
(22973297, 2018, '1'),
(22044318, 2013, '3'),
(30132582, 2011, '4'),
(20997666, 1987, '1'),
(23162161, 2003, '1'),
(25291341, 1995, '2'),
(21494913, 1983, '1'),
(21653279, 2008, '4'),
(22232453, 1987, '1'),
(21577613, 2015, '4'),
(22431618, 1980, '2'),
(1342048, 2012, '1'),
(18284617, 2018, '2'),
(21510546, 2006, '3'),
(22672688, 1993, '3'),
(21158596, 2013, '1'),
(20268988, 2016, '3'),
(14930854, 2000, '2'),
(25239270, 1993, '3'),
(15017827, 1999, '4'),
(16194890, 2006, '3'),
(24334692, 2013, '4'),
(25153421, 2004, '3'),
(24691173, 1995, '3'),
(28295664, 1981, '2'),
(22958566, 2012, '1'),
(26579071, 1991, '2'),
(24376077, 2002, '2'),
(28023152, 2001, '2'),
(15573954, 1986, '4'),
(24092355, 2003, '2'),
(21338214, 1996, '2'),
(21337579, 2010, '3'),
(21337968, 2011, '2'),
(21338683, 2016, '2'),
(241375441, 2008, '1'),
(26369753, 2008, '4'),
(22431623, 2014, '3'),
(30132582, 1986, '1'),
(22973297, 1995, '4'),
(18284617, 2019, '3'),
(24017024, 2008, '4'),
(22232483, 2004, '1'),
(21653279, 1993, '3'),
(17919698, 2004, '3'),
(31972607, 1980, '3'),
(23877551, 1984, '3'),
(21434704, 2011, '3'),
(22232453, 1992, '2'),
(26172923, 1987, '4'),
(22430872, 2017, '4'),
(22431618, 1993, '3'),
(20891325, 1999, '1'),
(23883060, 1995, '3'),
(20268988, 2010, '3'),
(26579071, 2007, '1'),
(32881503, 1982, '1'),
(29843688, 1989, '1'),
(21337968, 1981, '2'),
(16418062, 2000, '2'),
(32070962, 2006, '4'),
(24233666, 2001, '3'),
(22030541, 2002, '3'),
(21338262, 2019, '2'),
(22516121, 2005, '4'),
(24334687, 2015, '4'),
(15573954, 1985, '1'),
(26938134, 1998, '3'),
(22235185, 2013, '3'),
(1342048, 2017, '2'),
(25153421, 1984, '3'),
(24092355, 1986, '4'),
(22672608, 2002, '3'),
(16034214, 2010, '1'),
(22232480, 2011, '3'),
(24652866, 1995, '2'),
(21158596, 1993, '1'),
(24334786, 2018, '2'),
(23162161, 2017, '4'),
(21494913, 1986, '2'),
(21510546, 2018, '3'),
(18318050, 2002, '4'),
(14930854, 2003, '2'),
(25239222, 2013, '1'),
(22672607, 2000, '1'),
(22672594, 2009, '1'),
(21337968, 2007, '4'),
(31972607, 1987, '1'),
(23877551, 1985, '4'),
(26369753, 1997, '4'),
(22672688, 2013, '1'),
(22431618, 2001, '2'),
(22431608, 1998, '4'),
(22973297, 1980, '2'),
(21338214, 1989, '1'),
(19582650, 2006, '2'),
(20891333, 2001, '3'),
(20997666, 2000, '4'),
(24334692, 1995, '4'),
(21679407, 2017, '4'),
(27960978, 2001, '2'),
(30132582, 1985, '2'),
(23930929, 1998, '3'),
(26579071, 2009, '1'),
(22232453, 1998, '4'),
(24691173, 1991, '1'),
(23162161, 1981, '3'),
(20393585, 2000, '2'),
(15017827, 2010, '3'),
(15573954, 1994, '2'),
(22431663, 2017, '2'),
(20268988, 1980, '3'),
(16194890, 2005, '4'),
(21338683, 1987, '3'),
(16034214, 2003, '1'),
(21338262, 1997, '3'),
(22044318, 1999, '2'),
(23877551, 2007, '1'),
(22030541, 1996, '1'),
(22672608, 2000, '3'),
(25291341, 1997, '3'),
(18318050, 2007, '4'),
(22232483, 1994, '1'),
(241375441, 1990, '2'),
(28477461, 1995, '3'),
(23937793, 2013, '4'),
(22431608, 1994, '2'),
(1342048, 1991, '3'),
(23937768, 1997, '1'),
(32070962, 2009, '3'),
(21337968, 1984, '3'),
(20393585, 1986, '2'),
(28295664, 2004, '3'),
(21158596, 2001, '2'),
(22973297, 1991, '3'),
(17919698, 2018, '3'),
(26369753, 2009, '1'),
(27960978, 1982, '4'),
(23162161, 2001, '4'),
(25239270, 2001, '4'),
(24092279, 2001, '4'),
(31972607, 1994, '1'),
(14930854, 2008, '1'),
(22672688, 1982, '2'),
(24652866, 2012, '1'),
(22958566, 2017, '1'),
(24233640, 2001, '2'),
(15438566, 2014, '4'),
(22672607, 1987, '1'),
(23766070, 2008, '1'),
(22430872, 1992, '1'),
(21434704, 1990, '2'),
(16418062, 1987, '1'),
(21338262, 2014, '4'),
(15573954, 1981, '3'),
(20268988, 1989, '3'),
(21337968, 2015, '3'),
(23883060, 1984, '2'),
(30132582, 2013, '3'),
(21337579, 1986, '1'),
(29843688, 1994, '1'),
(24691173, 2016, '4'),
(26579071, 1992, '3'),
(22431618, 1983, '3'),
(21510546, 1986, '3'),
(20937283, 1982, '2'),
(22431623, 1980, '4'),
(21577613, 2009, '1'),
(24334764, 1997, '2'),
(24017024, 2017, '4'),
(22232480, 1981, '3'),
(18284617, 2005, '3'),
(21338214, 1997, '2'),
(26369753, 1981, '2'),
(28023152, 1983, '4'),
(24092316, 2013, '1'),
(22431663, 1997, '2'),
(24233666, 2014, '3'),
(22973297, 1998, '2'),
(22672608, 1990, '3'),
(26172923, 1992, '2'),
(22030541, 2015, '4'),
(25153421, 1996, '3'),
(21494913, 2013, '1'),
(26938134, 1997, '4'),
(21434704, 2006, '2'),
(241375441, 2004, '1'),
(21338683, 2001, '4'),
(30178616, 2003, '3'),
(24652866, 2004, '3'),
(28295664, 2003, '2'),
(23937793, 2012, '4'),
(23593652, 2017, '4'),
(22232480, 2002, '3'),
(23162161, 1980, '3'),
(25239270, 1986, '4'),
(24334692, 1992, '1'),
(22431511, 1982, '2'),
(20997666, 1985, '2'),
(27960978, 1987, '1'),
(19582650, 2019, '3'),
(15573954, 1989, '4'),
(20393585, 1983, '3'),
(21337968, 2014, '3'),
(22672688, 1980, '2'),
(21338262, 2018, '2'),
(31972607, 1983, '3'),
(25153421, 1990, '3'),
(26579071, 1998, '3'),
(22431608, 1980, '3'),
(20891333, 1985, '3'),
(24691173, 2002, '3'),
(22430872, 1988, '4'),
(30132582, 1989, '1'),
(22044318, 2015, '3'),
(24334786, 2015, '3'),
(24334764, 2000, '2'),
(21653279, 2016, '3'),
(26369753, 2005, '1'),
(22973297, 1989, '4'),
(25239231, 2003, '2'),
(21510546, 1994, '2'),
(21337579, 1998, '4'),
(22030541, 2003, '3'),
(22958566, 1993, '2'),
(22672608, 1986, '4'),
(18284617, 1999, '4'),
(22672607, 2014, '4'),
(32070962, 2016, '4'),
(29843688, 2007, '4'),
(28295664, 1988, '2'),
(22431618, 1989, '1'),
(26172923, 1981, '3'),
(23883060, 2018, '3'),
(20268988, 1992, '3'),
(1342048, 2005, '2'),
(17919698, 2012, '1'),
(21337968, 2006, '1'),
(32881503, 1990, '1'),
(15573954, 1988, '1'),
(21434704, 1988, '2'),
(15017827, 1990, '3'),
(22431623, 1982, '3'),
(25291341, 1984, '3'),
(22672594, 1998, '3'),
(18318050, 2013, '2'),
(31972607, 1985, '1'),
(22232483, 2017, '2'),
(21338683, 2012, '3'),
(22516121, 2017, '2'),
(22235185, 2001, '2'),
(25239222, 1983, '3'),
(16194890, 1999, '1'),
(24334692, 1988, '2'),
(23930929, 1993, '2'),
(24334687, 1999, '4'),
(24092355, 2002, '2'),
(22232495, 1984, '3'),
(16034214, 1996, '1'),
(22973297, 2017, '1'),
(24691173, 1989, '3'),
(23162161, 2013, '1'),
(28477461, 1981, '3'),
(25239270, 2012, '4'),
(19582650, 1982, '1'),
(24334764, 1998, '2'),
(22431608, 2007, '1'),
(21337968, 2004, '1'),
(25239231, 1983, '1'),
(22232453, 2011, '2'),
(26369753, 2018, '1'),
(1342048, 1999, '1'),
(241375441, 1986, '2'),
(21338214, 2005, '4'),
(25153421, 1985, '2'),
(22672608, 1985, '3'),
(22431511, 1989, '1'),
(22030541, 1999, '2'),
(23877551, 1992, '2'),
(21158596, 2019, '3'),
(24376077, 1981, '1'),
(27960978, 1989, '1'),
(16194890, 1982, '4'),
(15573954, 2002, '1'),
(24585347, 2016, '3'),
(22958566, 2009, '3'),
(20937283, 1995, '4'),
(21338262, 2009, '1'),
(14930854, 2004, '3'),
(23937793, 2005, '3'),
(24017024, 1998, '4'),
(21434704, 2008, '3'),
(21510546, 1999, '2'),
(24334626, 1987, '2'),
(32881503, 2007, '4'),
(24233666, 2006, '4'),
(20268988, 1987, '3'),
(23593652, 1996, '2'),
(30178616, 1980, '3'),
(22232480, 2006, '3'),
(24233640, 2007, '1'),
(21337968, 2018, '4'),
(15017827, 2000, '3'),
(15438566, 1982, '4'),
(29843688, 1995, '4'),
(22516121, 1981, '3'),
(24334687, 1995, '3'),
(24092316, 1981, '3'),
(21337579, 2017, '1'),
(28477461, 1982, '2'),
(24652866, 1982, '4'),
(22430872, 1990, '4'),
(26579071, 2017, '4'),
(25239270, 2002, '3'),
(26172923, 2005, '4'),
(22672607, 1993, '3'),
(26938134, 2012, '1'),
(28023152, 2010, '3'),
(21337968, 2017, '1'),
(32070962, 2005, '1'),
(28295664, 1992, '3'),
(25239231, 1992, '3'),
(22431511, 1998, '3'),
(23883060, 1998, '4'),
(15573954, 1998, '2'),
(21338683, 2015, '4'),
(31972607, 1995, '2'),
(22958566, 1994, '2'),
(22030541, 1998, '4'),
(24017024, 2013, '1'),
(21338262, 1989, '2'),
(27960978, 1994, '2'),
(26369753, 2013, '3'),
(30178616, 1983, '2'),
(24652866, 1986, '4'),
(16194890, 2003, '2'),
(22232483, 2005, '3'),
(22672608, 1984, '3'),
(20937283, 2019, '3'),
(23937793, 2008, '4'),
(23162161, 1993, '1'),
(22232495, 1999, '4'),
(1342048, 1987, '1'),
(21158596, 2004, '4'),
(21679407, 1994, '2'),
(24334692, 2012, '1'),
(21510546, 1998, '4'),
(21577613, 1995, '4'),
(22672607, 1986, '3'),
(21337579, 2011, '4'),
(21653279, 2014, '3'),
(26172923, 2011, '3'),
(24334626, 1981, '1'),
(24376077, 1990, '1'),
(241375441, 2007, '1'),
(25239270, 2013, '3'),
(26579071, 2000, '4'),
(21337968, 2019, '4'),
(24092316, 2003, '1'),
(26369753, 2004, '1'),
(22672688, 1998, '3'),
(21338214, 1981, '3'),
(22430872, 2016, '2'),
(25239222, 2010, '2'),
(17919698, 2006, '3'),
(21338209, 2017, '4'),
(22431608, 2000, '2'),
(14930854, 1992, '4'),
(15017827, 1987, '1'),
(20268988, 2008, '3'),
(23162161, 2004, '4'),
(29843688, 2013, '3'),
(22232453, 1994, '4'),
(21434704, 2019, '4'),
(24233666, 1981, '3'),
(24652866, 1988, '1'),
(21679407, 1981, '2'),
(20997666, 2010, '4'),
(25239231, 2004, '1'),
(24334692, 1991, '1'),
(22973297, 1984, '2'),
(18318050, 2009, '3'),
(21158596, 2014, '4'),
(22044318, 2008, '2'),
(20937283, 2009, '3'),
(21039673, 2012, '2'),
(24691173, 2017, '1'),
(28477461, 1998, '2'),
(23930929, 2000, '4'),
(25291341, 2012, '3'),
(32070962, 2000, '2'),
(16194890, 1993, '1'),
(30178616, 2007, '1'),
(22672594, 1980, '2'),
(21338262, 1987, '2'),
(26369753, 2007, '2'),
(15438566, 2012, '3'),
(22672607, 2010, '2'),
(22672608, 1988, '1'),
(22030541, 2001, '4'),
(22430872, 2015, '4'),
(22232495, 2018, '3'),
(1342048, 2008, '4'),
(24017024, 2015, '4'),
(21653279, 2002, '4'),
(21337968, 2009, '4'),
(22431618, 2018, '3'),
(23937793, 2014, '4'),
(25153421, 1986, '2'),
(14930854, 1981, '2'),
(21337579, 2000, '2'),
(24233640, 1987, '4'),
(23883060, 2012, '3'),
(23162161, 2009, '2'),
(23593652, 2010, '3'),
(25239231, 2012, '1'),
(24585347, 1980, '1'),
(15573954, 2005, '1'),
(22232483, 1984, '2'),
(22232453, 1983, '3'),
(16034214, 1998, '2'),
(31972607, 2004, '3'),
(28023152, 2017, '2'),
(25239270, 2009, '1'),
(24092355, 2013, '4'),
(27960978, 1993, '2'),
(24691173, 1987, '4'),
(22516121, 2009, '3'),
(16194890, 1985, '4'),
(20937283, 1983, '3'),
(21494913, 2005, '2'),
(32881503, 2009, '3'),
(21434704, 1980, '3'),
(32070962, 1985, '1'),
(21158596, 2015, '2'),
(21653279, 1996, '2'),
(21338683, 1990, '3'),
(30132582, 1987, '2'),
(26369753, 1994, '2'),
(22973297, 2016, '3'),
(26938134, 2001, '3'),
(23162161, 1984, '3'),
(24652866, 2013, '2'),
(22232480, 2007, '2'),
(22672594, 2000, '4'),
(26172923, 1982, '4'),
(22235185, 2000, '4'),
(20891333, 2008, '1'),
(22030541, 1992, '3'),
(24017024, 1981, '1'),
(18284617, 1990, '1'),
(21337968, 1997, '2'),
(22431623, 1986, '4'),
(25239231, 2015, '4'),
(15573954, 2016, '3'),
(23883060, 1988, '3'),
(24585347, 1987, '1'),
(22672607, 1991, '4'),
(24334692, 2001, '4'),
(14930854, 2011, '3'),
(241375441, 1993, '2'),
(26579071, 1997, '3'),
(24334626, 2010, '4'),
(22430872, 2019, '3'),
(22232483, 2001, '1'),
(22232453, 2005, '1'),
(21577613, 2010, '3'),
(24691173, 2010, '4'),
(27960978, 1990, '3'),
(22431663, 2000, '2'),
(21338214, 2004, '3'),
(23766070, 1986, '2'),
(24334687, 1986, '3'),
(22516121, 2018, '3'),
(23877551, 2006, '3'),
(22431618, 1992, '2'),
(20937283, 1981, '1'),
(21434704, 1987, '1'),
(15573954, 1996, '2'),
(24233640, 2006, '3'),
(23593652, 1982, '2'),
(22044318, 1993, '3'),
(22973297, 2002, '4'),
(21338683, 2019, '2'),
(24652866, 2010, '2'),
(15438566, 1997, '3'),
(26369753, 1986, '3'),
(23162161, 2005, '1'),
(24092355, 2005, '3'),
(26172923, 1999, '2'),
(24233666, 2007, '2'),
(23937793, 1992, '1'),
(22030541, 1984, '2'),
(22958566, 2015, '3'),
(16034214, 1990, '1'),
(21338262, 1998, '4'),
(25239231, 1987, '1'),
(18318050, 2018, '2'),
(20268988, 1985, '1'),
(21337968, 1983, '2'),
(22672608, 2005, '4'),
(16418062, 1995, '2'),
(28477461, 1986, '3'),
(23937768, 2015, '4'),
(24017024, 2003, '1'),
(32881503, 1996, '1'),
(25239222, 1982, '1'),
(21337579, 1991, '4'),
(24334786, 2019, '3'),
(24334692, 2007, '2'),
(25239270, 2008, '2'),
(21679407, 1989, '2'),
(21510546, 2003, '4'),
(24092316, 1989, '2'),
(29843688, 2005, '1'),
(22973297, 1992, '3'),
(26369753, 1985, '4'),
(28023152, 1996, '3'),
(22232495, 1991, '2'),
(22431511, 2005, '4'),
(21158596, 1980, '3'),
(22516121, 1988, '1'),
(25291341, 1980, '4'),
(24691173, 2012, '1'),
(25153421, 2001, '2'),
(23883060, 1992, '2'),
(21039673, 2001, '4'),
(20891325, 2014, '4'),
(24585347, 1989, '4'),
(26938134, 1991, '1'),
(23937793, 1981, '3'),
(22672594, 1994, '3'),
(23930929, 1983, '2'),
(14930854, 1985, '3'),
(28295664, 1982, '3'),
(15573954, 2011, '3'),
(24233640, 1980, '2'),
(22232453, 1990, '3'),
(22430872, 1995, '2'),
(22030541, 2012, '2'),
(23877551, 2003, '3'),
(1342048, 2019, '4'),
(26369753, 1989, '2'),
(20937283, 2014, '2'),
(25239270, 1985, '4'),
(22232483, 2002, '4'),
(22672608, 1987, '1'),
(18318050, 2016, '3'),
(32881503, 1984, '2'),
(22431618, 1990, '1'),
(24652866, 2015, '1'),
(26172923, 2013, '3'),
(21337968, 1982, '2'),
(25239231, 2009, '3'),
(21338683, 1986, '2'),
(24334626, 1992, '1'),
(22044318, 1986, '4'),
(22958566, 2001, '2'),
(23766070, 1980, '2'),
(30178616, 1990, '1'),
(31972607, 2009, '3'),
(22232480, 1999, '4'),
(21434704, 2013, '3'),
(21338214, 2014, '3'),
(20268988, 1991, '2'),
(22431608, 2004, '1'),
(22431663, 1980, '3'),
(22516121, 2002, '1'),
(21577613, 1988, '3'),
(22973297, 1982, '3'),
(24334687, 2012, '3'),
(24233666, 2002, '4'),
(23883060, 1982, '1'),
(22235185, 2002, '2'),
(15017827, 2011, '3'),
(21337579, 2019, '2'),
(25239270, 1982, '4'),
(26369753, 1996, '2'),
(21510546, 2012, '3'),
(20891325, 2003, '1'),
(32070962, 1995, '2'),
(29843688, 1980, '2'),
(28295664, 1989, '1'),
(22672607, 1983, '3'),
(23937768, 1995, '3'),
(21679407, 2006, '3'),
(22431511, 1993, '1'),
(20937283, 1985, '1'),
(28023152, 2003, '1'),
(20997666, 2008, '1'),
(23162161, 2008, '3'),
(24092355, 2000, '2'),
(22431618, 1997, '3'),
(24652866, 1983, '3'),
(1342048, 2002, '1'),
(241375441, 2019, '3'),
(24017024, 2010, '1'),
(24334764, 1982, '2'),
(23877551, 1980, '1'),
(22672688, 2018, '2'),
(21337968, 1998, '3'),
(14930854, 2002, '4'),
(24691173, 2007, '1'),
(15573954, 2004, '1'),
(22431623, 1991, '4'),
(16194890, 1990, '2'),
(22232483, 2016, '3'),
(22973297, 1997, '1'),
(24585347, 2002, '2'),
(22232480, 2000, '4'),
(22030541, 1983, '4'),
(24334692, 1990, '2'),
(23937793, 2004, '1'),
(21338683, 2009, '3'),
(16418062, 1994, '2'),
(23593652, 1980, '1'),
(24092279, 1980, '4'),
(28477461, 2004, '4'),
(26291257, 1998, '3'),
(22430872, 2010, '1'),
(25239231, 2014, '2'),
(16034214, 1994, '1'),
(1342048, 1989, '3'),
(27960978, 2013, '4'),
(32881503, 2006, '2'),
(21039673, 1983, '1'),
(31972607, 1999, '4'),
(26938134, 2014, '3'),
(24376077, 2012, '2'),
(22958566, 1980, '3'),
(26369753, 2019, '2'),
(24334764, 2007, '4'),
(21494913, 1980, '3'),
(23883060, 1996, '1'),
(25153421, 2019, '3'),
(24334626, 1995, '4'),
(23162161, 1982, '4'),
(21577613, 2006, '3'),
(18284617, 2015, '4'),
(24334786, 2005, '4'),
(24334687, 1987, '1'),
(32070962, 2003, '1'),
(15017827, 2013, '1'),
(22431511, 2009, '3'),
(15573954, 1983, '3'),
(26172923, 1984, '2'),
(21434704, 1986, '4'),
(22431663, 1994, '2'),
(20268988, 2018, '2'),
(22672607, 2001, '2'),
(24233640, 2004, '3'),
(25239270, 2016, '3'),
(22232480, 1983, '4'),
(25239222, 2004, '1'),
(22431618, 1982, '4'),
(30178616, 1991, '1'),
(21337968, 1988, '2'),
(22030541, 2011, '1'),
(14930854, 1987, '1'),
(24652866, 2018, '3'),
(25239231, 1998, '2'),
(24585347, 2014, '4'),
(23937793, 2017, '2'),
(22672608, 2004, '4'),
(24092355, 2008, '3'),
(22044318, 2007, '2'),
(24334764, 1988, '2'),
(22431608, 2017, '1'),
(21338214, 2007, '2'),
(23766070, 2010, '2'),
(24092316, 2019, '2'),
(27960978, 1988, '4'),
(22232483, 1982, '2'),
(21158596, 2008, '2'),
(19582650, 1998, '3'),
(22516121, 2013, '3'),
(21338262, 2006, '3'),
(30132582, 2008, '2'),
(26369753, 1992, '3'),
(22672688, 2007, '1'),
(16194890, 1986, '4'),
(28295664, 2012, '3'),
(24233666, 2011, '2'),
(21510546, 2002, '1'),
(21337579, 1999, '2'),
(24334786, 2004, '1'),
(23162161, 1997, '2'),
(23883060, 2009, '3'),
(20937283, 2002, '3'),
(23930929, 2013, '2'),
(23593652, 1984, '4'),
(22235185, 1997, '2'),
(22973297, 1987, '1'),
(25153421, 1989, '1'),
(15438566, 2009, '3'),
(21434704, 1997, '2'),
(23766070, 1987, '2'),
(14930854, 1988, '4'),
(20891325, 2002, '1'),
(22232495, 2008, '4'),
(22672607, 2013, '1'),
(29843688, 2019, '3'),
(20268988, 2017, '4'),
(21338262, 2015, '4'),
(24652866, 2017, '4'),
(21653279, 2007, '3'),
(241375441, 2012, '1'),
(16418062, 2004, '3'),
(24334626, 2004, '3'),
(21337968, 1994, '1'),
(24334764, 2010, '2'),
(32070962, 1996, '2'),
(22232453, 1997, '3'),
(32881503, 2012, '3'),
(21577613, 1993, '2'),
(1342048, 2001, '2'),
(24691173, 1998, '3'),
(22672594, 1983, '3'),
(25239231, 2005, '2'),
(21337579, 1985, '4'),
(26369753, 2002, '1'),
(24092355, 2011, '2'),
(25239270, 2007, '4'),
(17919698, 2005, '1'),
(23877551, 1982, '3'),
(22958566, 2010, '2'),
(24233640, 2013, '3'),
(23937768, 2008, '4'),
(28295664, 2008, '2'),
(21653279, 1983, '3'),
(27960978, 1986, '4'),
(22232480, 1986, '3'),
(26172923, 2014, '3'),
(18318050, 2012, '2'),
(20891333, 1983, '3'),
(19582650, 2012, '3'),
(21679407, 2013, '1'),
(26938134, 1983, '4'),
(26579071, 1988, '1'),
(18284617, 2012, '3'),
(23766070, 2000, '2'),
(16034214, 1993, '1'),
(24585347, 1990, '1'),
(23883060, 1980, '2'),
(25153421, 2013, '1'),
(21338214, 1983, '3'),
(22672608, 1995, '2'),
(24334687, 2018, '1'),
(22232483, 1991, '2'),
(22430872, 2000, '3'),
(24092279, 1984, '3'),
(16418062, 2019, '3'),
(31972607, 1989, '3'),
(23162161, 2011, '2'),
(15573954, 2010, '4'),
(22044318, 1987, '2'),
(29843688, 1991, '4'),
(28295664, 1984, '2'),
(30132582, 2000, '2'),
(24334692, 1998, '3'),
(22235185, 1989, '1'),
(26291257, 2015, '4'),
(15438566, 1999, '4'),
(22431608, 2009, '3'),
(21510546, 2014, '3'),
(20997666, 1986, '3'),
(21434704, 2004, '2'),
(25291341, 1994, '1'),
(24092316, 1993, '2'),
(24233666, 1982, '4'),
(21338683, 1998, '4'),
(22672607, 2019, '3'),
(32070962, 2019, '3'),
(22431623, 2011, '2'),
(21577613, 1984, '3'),
(24017024, 2014, '3'),
(1342048, 1994, '2'),
(22431511, 2004, '4'),
(21337579, 1993, '2'),
(24691173, 1997, '1'),
(22232495, 1986, '2'),
(25239231, 2016, '4'),
(24334786, 1982, '2'),
(26369753, 2015, '3'),
(20937283, 1980, '4'),
(24652866, 2000, '3'),
(23162161, 1996, '2'),
(21653279, 1982, '4'),
(22672688, 1988, '2'),
(24092355, 2016, '2'),
(23593652, 1997, '1'),
(26579071, 1986, '3'),
(241375441, 2001, '2'),
(21338209, 1999, '4'),
(20268988, 1994, '3'),
(15573954, 2007, '2'),
(16418062, 1980, '2'),
(23937793, 2018, '1'),
(28023152, 1999, '2'),
(21338262, 2003, '3'),
(18318050, 1994, '2'),
(23766070, 2003, '3'),
(21494913, 2001, '2'),
(22431618, 1999, '1'),
(21338214, 2006, '1'),
(22235185, 1988, '3'),
(24334692, 1993, '4'),
(14930854, 1982, '4'),
(29843688, 2016, '4'),
(22431608, 1996, '2'),
(26172923, 1995, '3'),
(24691173, 2008, '4'),
(22958566, 1985, '2'),
(25153421, 2018, '3'),
(24585347, 1996, '1'),
(22430872, 1989, '2'),
(24233640, 1990, '1'),
(21577613, 1989, '1'),
(21158596, 2002, '3'),
(20937283, 1989, '3'),
(24334626, 2000, '2'),
(26369753, 2014, '4'),
(25291341, 1998, '3'),
(23162161, 2015, '1'),
(21338262, 1980, '2'),
(21338209, 2011, '2'),
(1342048, 2013, '4'),
(32070962, 2018, '2'),
(28295664, 2018, '1'),
(21434704, 2017, '4'),
(20891325, 1980, '3'),
(25239270, 1997, '2'),
(22044318, 2018, '3'),
(19582650, 1990, '3'),
(22232480, 2019, '3'),
(21510546, 1985, '4'),
(241375441, 2003, '2'),
(27960978, 2015, '2'),
(26579071, 2014, '2'),
(15438566, 1981, '1'),
(25239222, 1984, '1'),
(22431618, 1988, '2'),
(24233666, 1986, '3'),
(24652866, 1981, '1'),
(22232483, 1996, '4'),
(22431663, 1986, '4'),
(21679407, 1997, '1'),
(24092355, 2006, '4'),
(25239231, 1994, '1'),
(21653279, 2011, '3'),
(21337579, 1992, '1'),
(20268988, 1988, '1'),
(24334786, 1990, '1'),
(23937793, 1994, '3'),
(26938134, 2003, '3'),
(22672688, 2015, '4'),
(24334692, 2018, '3'),
(24017024, 2016, '4'),
(22672607, 2012, '3'),
(23883060, 1983, '1'),
(24691173, 2001, '3'),
(17919698, 1981, '3'),
(22232495, 2015, '2'),
(23162161, 1987, '1'),
(24334764, 2014, '3'),
(23877551, 1987, '3'),
(29843688, 2004, '3'),
(23766070, 2002, '1'),
(24233640, 1995, '4'),
(24585347, 1991, '4'),
(28295664, 1994, '2'),
(20937283, 1991, '4'),
(21434704, 2014, '3'),
(14930854, 1980, '2'),
(15017827, 2012, '4'),
(22431608, 1990, '3'),
(23593652, 2018, '3'),
(26172923, 1986, '3'),
(241375441, 2017, '2'),
(16034214, 2013, '1'),
(21338214, 2012, '2'),
(21577613, 1991, '4'),
(21338262, 1993, '1'),
(25153421, 1998, '2'),
(21653279, 1998, '2'),
(25239231, 1984, '4'),
(27960978, 2012, '4'),
(25239270, 2006, '3'),
(32881503, 1989, '4'),
(21337579, 2009, '3'),
(22516121, 1998, '4'),
(20997666, 2005, '2'),
(22431618, 2019, '3'),
(24334786, 1995, '3'),
(24334692, 1981, '1'),
(24334626, 1983, '3'),
(23937793, 1995, '4'),
(31972607, 2016, '4'),
(22235185, 2014, '3'),
(21510546, 2000, '2'),
(23930929, 2008, '3'),
(21338683, 2008, '3'),
(23162161, 1995, '4'),
(25239231, 1982, '3'),
(23766070, 1985, '3'),
(24691173, 1984, '3'),
(22232453, 2004, '3'),
(32070962, 1999, '1'),
(21434704, 1999, '4'),
(30178616, 1985, '2'),
(21679407, 2005, '3'),
(21338209, 2012, '1'),
(22430872, 1999, '3'),
(241375441, 1982, '3'),
(20891333, 1993, '2'),
(22958566, 1995, '4'),
(24376077, 1984, '2'),
(24334786, 1996, '3'),
(22431511, 1980, '1'),
(14930854, 1983, '3'),
(26291257, 1994, '1'),
(20268988, 2001, '4'),
(15573954, 1995, '4'),
(28477461, 1990, '3'),
(26579071, 2008, '4'),
(15438566, 1985, '4'),
(22672607, 2003, '1'),
(22232483, 2006, '3'),
(28023152, 1993, '2'),
(26172923, 1996, '2'),
(22516121, 1997, '3'),
(20937283, 2003, '2'),
(24233666, 1980, '2'),
(28295664, 1983, '1'),
(32881503, 1987, '2'),
(16034214, 1986, '3'),
(26938134, 1984, '1'),
(23877551, 2012, '1'),
(21158596, 1997, '3'),
(23937793, 1993, '3'),
(19582650, 1981, '3'),
(27960978, 1984, '2'),
(24092355, 2004, '4'),
(24334692, 2004, '1'),
(18318050, 1999, '1'),
(25239231, 2000, '2'),
(21653279, 2019, '2'),
(31972607, 2011, '3'),
(21577613, 1997, '2'),
(24233640, 2019, '3'),
(23937768, 2007, '1'),
(30178616, 2000, '1'),
(16418062, 2013, '1'),
(22430872, 1996, '3'),
(23766070, 1982, '1'),
(24691173, 2014, '2'),
(25239270, 2004, '3'),
(29843688, 2003, '3'),
(22431623, 2004, '3'),
(24092316, 2018, '3'),
(24017024, 1986, '3'),
(16034214, 2002, '3'),
(23593652, 1986, '4'),
(21338214, 2009, '2'),
(23162161, 1988, '2'),
(20891325, 2005, '1'),
(22672688, 2000, '4'),
(20997666, 2001, '3'),
(24334786, 2006, '4'),
(22232453, 1986, '3'),
(22235185, 2010, '2'),
(21679407, 2016, '2'),
(24334626, 2003, '1'),
(22044318, 2014, '4'),
(14930854, 2014, '3'),
(25153421, 2014, '3'),
(21434704, 1993, '2'),
(21338683, 1997, '2'),
(25239231, 1988, '4'),
(21158596, 1994, '3'),
(26579071, 2003, '3'),
(24334692, 2016, '3'),
(20937283, 1998, '2'),
(22232480, 1995, '4'),
(22431608, 1999, '4'),
(26172923, 2003, '3'),
(30132582, 2005, '3'),
(23937793, 1987, '2'),
(21039673, 1988, '1'),
(15573954, 1992, '1'),
(26938134, 1996, '3'),
(21338262, 2004, '4'),
(23930929, 2017, '3'),
(26291257, 1996, '1'),
(27960978, 2017, '1'),
(28023152, 1991, '4'),
(24017024, 2019, '3'),
(23883060, 2008, '4'),
(31972607, 1986, '4'),
(22431618, 1995, '4'),
(22958566, 2014, '2'),
(24691173, 1993, '4'),
(23162161, 1989, '1'),
(241375441, 1985, '2'),
(25291341, 1990, '4'),
(32881503, 1991, '4'),
(16194890, 2000, '2'),
(24334786, 1993, '2'),
(24092316, 1980, '3'),
(20268988, 2013, '3'),
(22431663, 2001, '2'),
(18284617, 1987, '1'),
(24092355, 1998, '3'),
(28295664, 1999, '2'),
(21653279, 1992, '4'),
(20937283, 1996, '2'),
(24652866, 2019, '3'),
(21434704, 1996, '2'),
(16034214, 1985, '4'),
(25239270, 1983, '3'),
(21338209, 2008, '3'),
(25153421, 1988, '4'),
(29843688, 1982, '1'),
(23766070, 2004, '1'),
(22431623, 2018, '2'),
(1342048, 2011, '3'),
(22431608, 1987, '1'),
(21510546, 2019, '2'),
(22232453, 2012, '4'),
(24233640, 2000, '2'),
(24334764, 1986, '1'),
(24334692, 1994, '1'),
(25239222, 1994, '2'),
(22672688, 2006, '4'),
(21337579, 1996, '3'),
(22430872, 1987, '4'),
(26291257, 2007, '2'),
(24334786, 2008, '1'),
(22232495, 2017, '2'),
(28477461, 1991, '2'),
(23937768, 2012, '3'),
(20891325, 1988, '2'),
(28023152, 1986, '4'),
(23162161, 2002, '4'),
(25239231, 1990, '1'),
(25239270, 1998, '3'),
(21653279, 1985, '1'),
(22232480, 2015, '2'),
(24092279, 1990, '2'),
(24585347, 1995, '1'),
(15573954, 1999, '4'),
(21577613, 2008, '1'),
(24376077, 2006, '3'),
(26172923, 2017, '2'),
(14930854, 2017, '2'),
(24652866, 2003, '3'),
(22672594, 2001, '2'),
(23937793, 2003, '3'),
(21338683, 1980, '2'),
(23883060, 2005, '1'),
(26579071, 2010, '3'),
(21434704, 2007, '4'),
(32070962, 2008, '4'),
(24017024, 1989, '2'),
(24092355, 1985, '2'),
(24334626, 2019, '3'),
(24334692, 2006, '1'),
(22044318, 1982, '4'),
(29843688, 1993, '4'),
(22958566, 1989, '4'),
(24691173, 2015, '1'),
(22431618, 2004, '3'),
(22431623, 1999, '1'),
(20268988, 2002, '3'),
(20937283, 2016, '2'),
(21338262, 2000, '2'),
(32881503, 2013, '3'),
(241375441, 1984, '2'),
(28295664, 2009, '3'),
(22232453, 1995, '2'),
(21494913, 2015, '3'),
(21653279, 1984, '2'),
(23930929, 2009, '2'),
(23766070, 1990, '3'),
(25239231, 2010, '1'),
(28023152, 1988, '4'),
(22235185, 2009, '3'),
(23162161, 2018, '2'),
(22516121, 2001, '2'),
(27960978, 2014, '1'),
(21338214, 2011, '3'),
(16418062, 1983, '2'),
(21338209, 2005, '2'),
(14746648, 2007, '1'),
(24233666, 1989, '1'),
(16034214, 2012, '1'),
(23937768, 1983, '1'),
(19582650, 1985, '2'),
(21158596, 2016, '3'),
(22431663, 1982, '1'),
(21337579, 1989, '4'),
(21510546, 2013, '3'),
(21679407, 1999, '3'),
(14930854, 2018, '3'),
(23593652, 2003, '3'),
(18318050, 2014, '2'),
(20268988, 2004, '4'),
(22232483, 1999, '2'),
(24585347, 2003, '2'),
(20891333, 2018, '1'),
(21434704, 1991, '1'),
(23162161, 1998, '3'),
(29843688, 1996, '2'),
(26938134, 2017, '1'),
(26579071, 1982, '4'),
(15438566, 1992, '3'),
(24334692, 2009, '2'),
(22672688, 1991, '1'),
(21338683, 1993, '3'),
(12420929, 2011, '1'),
(26172923, 1994, '4'),
(22516121, 2015, '2'),
(20937283, 2011, '1'),
(24652866, 1998, '3'),
(22044318, 1996, '3'),
(18284617, 2004, '1'),
(31972607, 2003, '3'),
(22672607, 2008, '4'),
(21653279, 2003, '3'),
(32070962, 2013, '2'),
(23162161, 1986, '3'),
(15017827, 2003, '3'),
(21158596, 1992, '2'),
(25239270, 2005, '3'),
(24233640, 2002, '2'),
(21679407, 1992, '1'),
(21338209, 1996, '3'),
(28477461, 1997, '2'),
(14746648, 1982, '1'),
(17919698, 1993, '4'),
(28295664, 1998, '4'),
(23937793, 1986, '4'),
(22431608, 2019, '4'),
(22235185, 1999, '2'),
(24691173, 2009, '3'),
(14930854, 1995, '4'),
(22232480, 2013, '1'),
(21494913, 2000, '4'),
(21510546, 2001, '4'),
(27960978, 1991, '3'),
(21337579, 2006, '2'),
(16194890, 2004, '3'),
(20937283, 1988, '1'),
(24376077, 1999, '1'),
(22430872, 1994, '4'),
(24017024, 1983, '1'),
(16034214, 1981, '1'),
(16418062, 2006, '3'),
(23883060, 2014, '3'),
(21338214, 1998, '4'),
(25099162, 1990, '3'),
(22232495, 1981, '3'),
(21434704, 2001, '4'),
(28023152, 2011, '2'),
(20997666, 1990, '3'),
(241375441, 2014, '2'),
(22958566, 2000, '4'),
(19582650, 2003, '2'),
(22672594, 2015, '4'),
(20268988, 2019, '3'),
(24652866, 1990, '3'),
(21577613, 1987, '2'),
(29843688, 2015, '1'),
(23162161, 2010, '4'),
(25239270, 1987, '3'),
(22232453, 1989, '2'),
(22672607, 2011, '2'),
(20891325, 1987, '2'),
(22232483, 2007, '4'),
(15438566, 1995, '3'),
(22431663, 1998, '4'),
(21338262, 2017, '3'),
(28295664, 2013, '1'),
(25239231, 1989, '1'),
(23930929, 2019, '3'),
(24017024, 1982, '4'),
(24334764, 1985, '2'),
(26172923, 2016, '3'),
(16034214, 1989, '1'),
(25153421, 2009, '3'),
(24334626, 2013, '4'),
(22232480, 2009, '1'),
(21158596, 1990, '3'),
(20937283, 1993, '4'),
(26938134, 1999, '3'),
(16194890, 1997, '2'),
(14746648, 2016, '3'),
(32070962, 2015, '2'),
(24233666, 2013, '1'),
(24652866, 1994, '4'),
(22516121, 2014, '4'),
(31972607, 2005, '3'),
(24585347, 2010, '3'),
(23883060, 2003, '3'),
(241375441, 1983, '2'),
(23937768, 2019, '3'),
(22431511, 1999, '4'),
(22431618, 2011, '1'),
(12420929, 2009, '3'),
(24092279, 1992, '4'),
(21510546, 1997, '2'),
(23593652, 2015, '4'),
(21338683, 1999, '4'),
(25239270, 2018, '3'),
(26579071, 1983, '3'),
(24092355, 2007, '1'),
(21434704, 2005, '3'),
(14930854, 2006, '3'),
(22672688, 1987, '4'),
(27960978, 2007, '2'),
(23930929, 1986, '2'),
(25239222, 1999, '3'),
(28295664, 1993, '3'),
(22672594, 1996, '2'),
(22232453, 2015, '4'),
(23937793, 2019, '4'),
(24334626, 1984, '1'),
(18318050, 1989, '1'),
(29843688, 1988, '4'),
(20268988, 1982, '4'),
(21158596, 2011, '3'),
(21679407, 1993, '4'),
(24017024, 2002, '3'),
(24233640, 2003, '2'),
(24691173, 1994, '3'),
(17919698, 2003, '3'),
(21337579, 2013, '3'),
(23162161, 2007, '2'),
(30132582, 2003, '2'),
(22431623, 2017, '4'),
(25153421, 1995, '2'),
(22672607, 2006, '2'),
(22235185, 1993, '3'),
(24092316, 2009, '2'),
(15017827, 1988, '3'),
(32070962, 1987, '1'),
(27960978, 1981, '3'),
(16194890, 2013, '3'),
(24652866, 2014, '2'),
(26938134, 2006, '4'),
(16034214, 2016, '4'),
(23883060, 1994, '4'),
(21338214, 1991, '3'),
(22516121, 1989, '4'),
(25099162, 1998, '3'),
(24092279, 2002, '3'),
(21679407, 1984, '3'),
(23766070, 2009, '1'),
(24334764, 2019, '2'),
(28023152, 2004, '3'),
(22431618, 1981, '2'),
(29843688, 1981, '2'),
(14746648, 1995, '2');
INSERT INTO `tbl_jawaban_siswa` (`id_siswa`, `id_soal`, `jawaban_siswa`) VALUES
(21338209, 1994, '2'),
(22235185, 1991, '4'),
(26291257, 1991, '4'),
(25239231, 1991, '3'),
(12420929, 1988, '2'),
(24092355, 2019, '3'),
(24376077, 2013, '1'),
(16034214, 1980, '4'),
(241375441, 1994, '2'),
(22431511, 1984, '3'),
(23659869, 2002, '4'),
(23937793, 1999, '4'),
(23593652, 2009, '2'),
(30132582, 1983, '4'),
(22044318, 2009, '2'),
(21577613, 2001, '2'),
(25239222, 2002, '1'),
(24233640, 1997, '2'),
(24585347, 2009, '3'),
(21510546, 2016, '4'),
(21338262, 2001, '3'),
(25239270, 2015, '4'),
(20937283, 2004, '2'),
(22430872, 2014, '2'),
(16418062, 2005, '2'),
(28295664, 2002, '4'),
(17919698, 1997, '1'),
(24092316, 1990, '1'),
(22672607, 1998, '4'),
(29843688, 1986, '3'),
(26172923, 2000, '2'),
(22232483, 1992, '3'),
(24652866, 1985, '2'),
(26579071, 1987, '3'),
(23766070, 1999, '2'),
(22232495, 1982, '3'),
(26938134, 1989, '4'),
(28023152, 2013, '4'),
(23883060, 2015, '4'),
(21494913, 1994, '4'),
(25153421, 1994, '3'),
(21338683, 1983, '4'),
(22431511, 1986, '3'),
(14746648, 1993, '4'),
(22516121, 2011, '4'),
(14930854, 1997, '2'),
(21434704, 2015, '4'),
(20891333, 2010, '3'),
(24334687, 1982, '2'),
(19582650, 2015, '1'),
(22672688, 1984, '4'),
(23593652, 2011, '3'),
(15438566, 1994, '3'),
(24585347, 2018, '3'),
(241375441, 2002, '3'),
(20268988, 1993, '1'),
(28295664, 2017, '2'),
(24691173, 1983, '2'),
(24652866, 2016, '1'),
(27960978, 2005, '3'),
(22430872, 1991, '1'),
(23766070, 1984, '4'),
(21577613, 2019, '2'),
(26291257, 1987, '3'),
(29843688, 1990, '3'),
(16418062, 1989, '4'),
(16194890, 2007, '2'),
(25153421, 1983, '3'),
(24092316, 1984, '2'),
(24017024, 2009, '3'),
(24092355, 1993, '2'),
(22516121, 1991, '4'),
(20937283, 2015, '3'),
(21338209, 1980, '1'),
(26938134, 1981, '3'),
(23937793, 2010, '2'),
(25099162, 2009, '2'),
(22672607, 2002, '1'),
(22672594, 2004, '3'),
(22958566, 1984, '2'),
(19582650, 1997, '2'),
(32881503, 2019, '2'),
(16034214, 2005, '3'),
(23883060, 1991, '3'),
(21434704, 2018, '3'),
(30132582, 1992, '4'),
(25239270, 2000, '4'),
(23937768, 2003, '3'),
(21158596, 2000, '3'),
(22431511, 2018, '3'),
(24652866, 2001, '4'),
(25239222, 1992, '4'),
(21653279, 2017, '2'),
(26172923, 1990, '2'),
(23659869, 1994, '2'),
(24233666, 2018, '3'),
(15017827, 1996, '3'),
(14930854, 1998, '3'),
(32070962, 2014, '3'),
(20393585, 2013, '4'),
(16418062, 2012, '3'),
(25291341, 2008, '3'),
(30178616, 2017, '4'),
(24334626, 2009, '1'),
(16194890, 1983, '4'),
(21338214, 2016, '3'),
(29843688, 2008, '1'),
(22431608, 1984, '4'),
(28295664, 2010, '3'),
(14746648, 1988, '4'),
(12420929, 2002, '1'),
(22232480, 1993, '1'),
(24092279, 1993, '4'),
(23766070, 1997, '2'),
(23930929, 2018, '3'),
(22431623, 1983, '4'),
(24585347, 1994, '3'),
(31972607, 1998, '2'),
(21338209, 2019, '3'),
(27960978, 1999, '4'),
(18284617, 1980, '3'),
(24652866, 2002, '4'),
(28023152, 1995, '4'),
(21510546, 2004, '3'),
(20891333, 2015, '4'),
(20937283, 2010, '4'),
(25153421, 2005, '3'),
(22672607, 2005, '3'),
(21494913, 1989, '1'),
(241375441, 2005, '4'),
(22232495, 2002, '3'),
(22232453, 1984, '2'),
(23593652, 1990, '4'),
(16034214, 1991, '3'),
(20393585, 1993, '2'),
(32881503, 1980, '1'),
(20268988, 1995, '2'),
(25239270, 2014, '1'),
(22958566, 1986, '2'),
(12420929, 2016, '4'),
(18318050, 1983, '3'),
(22672688, 1992, '3'),
(22430872, 1984, '3'),
(14930854, 2016, '3'),
(22431618, 2002, '3'),
(15438566, 2007, '4'),
(24092355, 1982, '4'),
(24585347, 2001, '2'),
(21338209, 2000, '2'),
(28295664, 2011, '2'),
(21338262, 1991, '3'),
(22431663, 1981, '3'),
(22431623, 2010, '3'),
(19582650, 1987, '2'),
(14746648, 2004, '3'),
(29843688, 1997, '3'),
(21577613, 2002, '4'),
(21338214, 1990, '1'),
(32070962, 2010, '1'),
(26938134, 1980, '4'),
(16194890, 2016, '3'),
(22232453, 2000, '3'),
(22672607, 1999, '1'),
(16418062, 1985, '1'),
(26291257, 2006, '3'),
(21510546, 2009, '3'),
(20937283, 1984, '1'),
(241375441, 1998, '3'),
(24334626, 1997, '3'),
(21039673, 2018, '2'),
(26172923, 1980, '3'),
(21653279, 2018, '3'),
(25239222, 2008, '1'),
(23877551, 2002, '3'),
(18284617, 1984, '2'),
(23930929, 1997, '2'),
(22235185, 2016, '2'),
(25291341, 1981, '3'),
(30132582, 2004, '1'),
(24017024, 2001, '4'),
(16034214, 2000, '4'),
(24233666, 1991, '4'),
(22516121, 1995, '2'),
(20268988, 1983, '4'),
(24376077, 1997, '1'),
(23883060, 2017, '2'),
(22431623, 1989, '1'),
(25153421, 1999, '2'),
(21494913, 1996, '2'),
(24652866, 1993, '1'),
(27960978, 2011, '3'),
(20393585, 2005, '2'),
(21434704, 1983, '4'),
(22044318, 1980, '3'),
(20891325, 1998, '1'),
(24092279, 1996, '2'),
(22431618, 2014, '4'),
(22431608, 2014, '3'),
(26579071, 2019, '3'),
(22232480, 2008, '3'),
(22672594, 2003, '3'),
(24334764, 2008, '1'),
(15017827, 2016, '3'),
(21337579, 1995, '1'),
(21158596, 1996, '2'),
(29843688, 2011, '2'),
(19582650, 1986, '2'),
(14930854, 1999, '2'),
(12420929, 2015, '4'),
(23766070, 2017, '1'),
(22232483, 2015, '4'),
(24233640, 2015, '4'),
(22232495, 2009, '2'),
(28023152, 2008, '1'),
(23593652, 1981, '3'),
(18284617, 2007, '4'),
(24017024, 1997, '3'),
(14746648, 2019, '2'),
(21510546, 1988, '2'),
(22431511, 1990, '4'),
(32070962, 2001, '3'),
(21338209, 2013, '3'),
(20937283, 1992, '3'),
(22672607, 2007, '1'),
(16194890, 2009, '2'),
(22516121, 2006, '2'),
(23937768, 1990, '2'),
(16418062, 1997, '2'),
(22672688, 1985, '2'),
(24334626, 1989, '2'),
(21338214, 2015, '3'),
(20997666, 1997, '4'),
(24585347, 1998, '4'),
(27960978, 2018, '2'),
(21577613, 2017, '4'),
(26172923, 1985, '3'),
(28295664, 1990, '2'),
(28477461, 1999, '1'),
(15438566, 1987, '1'),
(24334687, 1994, '1'),
(32881503, 1983, '4'),
(241375441, 2010, '2'),
(22235185, 1980, '3'),
(23937793, 1980, '1'),
(22431608, 1981, '2'),
(21039673, 2014, '2'),
(29843688, 1983, '3'),
(22958566, 2011, '3'),
(22431623, 1998, '4'),
(23883060, 1989, '4'),
(18284617, 1983, '3'),
(21158596, 1985, '4'),
(24652866, 2009, '2'),
(14746648, 1986, '2'),
(31972607, 2000, '4'),
(17919698, 1990, '1'),
(26938134, 1988, '4'),
(24017024, 1996, '2'),
(21434704, 1992, '4'),
(22431618, 2012, '3'),
(30132582, 2015, '2'),
(24092355, 2014, '4'),
(14930854, 1993, '1'),
(16034214, 2017, '4'),
(23877551, 1990, '3'),
(20393585, 2002, '3'),
(25291341, 2015, '4'),
(23930929, 1982, '3'),
(22232483, 2012, '2'),
(21510546, 1993, '2'),
(21337579, 2003, '3'),
(24652866, 1996, '3'),
(12420929, 1989, '2'),
(23937768, 1986, '4'),
(22044318, 1985, '2'),
(25239222, 1995, '1'),
(21653279, 2000, '2'),
(19582650, 2000, '2'),
(28023152, 2006, '2'),
(21338683, 1992, '4'),
(27960978, 2016, '3'),
(24233666, 1997, '2'),
(20937283, 2007, '2'),
(26579071, 1989, '3'),
(22958566, 1987, '2'),
(24334626, 2002, '3'),
(21338209, 1998, '1'),
(23937793, 1991, '3'),
(15017827, 1993, '3'),
(22516121, 2012, '3'),
(22672607, 2009, '3'),
(25239270, 1992, '2'),
(241375441, 1992, '2'),
(21434704, 2012, '4'),
(24334764, 1990, '1'),
(22232480, 2017, '3'),
(20268988, 2012, '2'),
(24334687, 2003, '1'),
(28477461, 2003, '3'),
(26938134, 1986, '3'),
(14930854, 1996, '2'),
(23883060, 1981, '3'),
(14746648, 2000, '4'),
(22431618, 2003, '2'),
(15438566, 2008, '2'),
(23766070, 2019, '3'),
(24233640, 2016, '4'),
(21158596, 1987, '2'),
(32070962, 2007, '2'),
(24585347, 1984, '2'),
(22431623, 2006, '2'),
(24092316, 1983, '2'),
(24017024, 1999, '4'),
(21653279, 1986, '3'),
(25099162, 1997, '2'),
(16194890, 2001, '2'),
(26579071, 2011, '2'),
(22672688, 2012, '3'),
(16418062, 1984, '4'),
(27960978, 2019, '3'),
(21679407, 2009, '3'),
(22232483, 1986, '2'),
(16034214, 2015, '4'),
(21510546, 1992, '1'),
(22431663, 1989, '4'),
(26172923, 2010, '3'),
(20393585, 2018, '3'),
(12420929, 1995, '2'),
(21434704, 1981, '3'),
(24092355, 1988, '1'),
(22672607, 2015, '3'),
(20268988, 2000, '4'),
(21338214, 2000, '2'),
(29843688, 2000, '1'),
(14746648, 1981, '4'),
(21577613, 2011, '2'),
(22431511, 1983, '3'),
(20937283, 2006, '4'),
(22516121, 2004, '1'),
(28023152, 1984, '2'),
(22232480, 1988, '3'),
(23659869, 2015, '4'),
(21338209, 1985, '4'),
(241375441, 1997, '2'),
(22232495, 2014, '3'),
(22235185, 1983, '1'),
(24376077, 1993, '1'),
(16034214, 1987, '1'),
(23930929, 2016, '3'),
(28477461, 2006, '4'),
(23937768, 2001, '2'),
(21158596, 2003, '3'),
(24585347, 2019, '3'),
(23883060, 1999, '1'),
(22232453, 2006, '3'),
(22044318, 2001, '2'),
(22431618, 2009, '3'),
(19582650, 2009, '3'),
(23937793, 1990, '3'),
(17919698, 1988, '4'),
(14746648, 1984, '3'),
(20891333, 1984, '1'),
(32070962, 1988, '4'),
(22431623, 1997, '2'),
(30132582, 2018, '3'),
(24652866, 2005, '2'),
(24233640, 1996, '2'),
(21337579, 2018, '1'),
(26172923, 2002, '4'),
(22672688, 1981, '3'),
(22672607, 2004, '3'),
(20393585, 1992, '3'),
(32881503, 2010, '3'),
(29843688, 2017, '4'),
(24092355, 1997, '2'),
(14930854, 2012, '4'),
(22431663, 1996, '1'),
(24334687, 2004, '3'),
(18284617, 2014, '1'),
(21434704, 1994, '3'),
(22235185, 2004, '3'),
(20268988, 1981, '3'),
(25239270, 1999, '4'),
(21039673, 1991, '3'),
(21653279, 2004, '2'),
(15438566, 1988, '2'),
(16194890, 1998, '2'),
(27960978, 2010, '3'),
(21338209, 2004, '3'),
(26938134, 2009, '2'),
(24233666, 1994, '3'),
(18318050, 1984, '4'),
(21679407, 2003, '1'),
(22232480, 1985, '4'),
(24017024, 2005, '1'),
(24092316, 1992, '1'),
(12420929, 1982, '2'),
(22516121, 2008, '2'),
(20997666, 1996, '2'),
(21338683, 2005, '4'),
(22431618, 2000, '2'),
(25239222, 1990, '3'),
(23930929, 2001, '4'),
(20937283, 2001, '3'),
(21510546, 2010, '3'),
(14746648, 1991, '4'),
(24092279, 1997, '3'),
(21434704, 1982, '3'),
(21577613, 1994, '4'),
(16034214, 1992, '1'),
(17919698, 2015, '4'),
(23883060, 2019, '2'),
(22672607, 1997, '2'),
(26579071, 1993, '4'),
(22958566, 1981, '3'),
(22431623, 2015, '3'),
(22235185, 2015, '4'),
(20393585, 1984, '2'),
(22431663, 1984, '2'),
(20268988, 2005, '2'),
(24092355, 2001, '2'),
(31972607, 1990, '3'),
(16194890, 1992, '2'),
(22232483, 2003, '3'),
(25239270, 1988, '4'),
(21338214, 1986, '2'),
(28477461, 1992, '3'),
(24233640, 1994, '2'),
(24585347, 1993, '2'),
(29843688, 2014, '3'),
(24652866, 2008, '3'),
(21158596, 1989, '2'),
(27960978, 1985, '2'),
(16418062, 2010, '4'),
(21434704, 2016, '2'),
(241375441, 1996, '1'),
(21338209, 1986, '2'),
(24334626, 2007, '2'),
(22672607, 1984, '3'),
(21653279, 2006, '3'),
(16034214, 1988, '1'),
(26172923, 2018, '1'),
(26291257, 1980, '2'),
(23659869, 2007, '4'),
(22044318, 2005, '4'),
(20268988, 1986, '3'),
(24334764, 2002, '2'),
(21337579, 2005, '1'),
(22431663, 1999, '2'),
(19582650, 1988, '4'),
(22232480, 2014, '3'),
(22235185, 1981, '3'),
(22672688, 2010, '4'),
(14930854, 2013, '4'),
(20937283, 1997, '1'),
(24017024, 2006, '2'),
(22958566, 1996, '1'),
(26579071, 2012, '3'),
(21338214, 2008, '4'),
(25291341, 1988, '2'),
(14746648, 1998, '1'),
(15017827, 2019, '4'),
(29843688, 1985, '3'),
(20393585, 2019, '3'),
(22516121, 1987, '4'),
(24092279, 2013, '3'),
(12420929, 2010, '1'),
(21679407, 2001, '4'),
(23877551, 2017, '1'),
(25239270, 1989, '4'),
(21338262, 1995, '2'),
(21434704, 1984, '3'),
(21039673, 1997, '1'),
(16418062, 2018, '3'),
(15438566, 2010, '3'),
(27960978, 1983, '4'),
(24092355, 1994, '4'),
(21510546, 1983, '4'),
(22672607, 1982, '3'),
(25239222, 2006, '2'),
(32070962, 1998, '2'),
(21158596, 2018, '2'),
(16034214, 2006, '1'),
(24233666, 2009, '3'),
(23930929, 2007, '2'),
(14746648, 1985, '2'),
(23659869, 1984, '2'),
(23883060, 2000, '4'),
(26938134, 2008, '4'),
(24334626, 1993, '1'),
(22431663, 1987, '1'),
(21653279, 1995, '4'),
(24233640, 2017, '4'),
(23593652, 2012, '2'),
(24376077, 2018, '3'),
(22516121, 1996, '2'),
(21494913, 1982, '4'),
(21338683, 1985, '4'),
(21434704, 1985, '4'),
(24334764, 1996, '2'),
(20891325, 1989, '4'),
(23937793, 1984, '2'),
(21338262, 1985, '4'),
(12420929, 1986, '3'),
(14930854, 1984, '4'),
(241375441, 2006, '2'),
(18318050, 1987, '2'),
(28477461, 1980, '1'),
(17919698, 1986, '4'),
(21338209, 2001, '2'),
(26291257, 1989, '3'),
(20997666, 2004, '1'),
(25239222, 2009, '2'),
(22431623, 2016, '3'),
(22232480, 2010, '3'),
(28023152, 2009, '1'),
(21577613, 1996, '3'),
(16194890, 2008, '4'),
(23877551, 1986, '3'),
(29843688, 1984, '2'),
(22044318, 1984, '4'),
(16034214, 2008, '4'),
(21337579, 1988, '4'),
(26579071, 1980, '2'),
(21338214, 1999, '4'),
(24652866, 1984, '4'),
(15017827, 2009, '1'),
(21338262, 1984, '4'),
(22232495, 2001, '4'),
(16418062, 2016, '3'),
(22431511, 2000, '4'),
(23578884, 2005, '1'),
(23937793, 1997, '1'),
(14746648, 2017, '2'),
(22232483, 2013, '3'),
(21494913, 1981, '3'),
(24017024, 2011, '2'),
(22516121, 1984, '2'),
(21679407, 2010, '1'),
(24092355, 2018, '3'),
(30132582, 1997, '2'),
(12420929, 2005, '1'),
(24334764, 2001, '4'),
(23593652, 2014, '4'),
(23930929, 1980, '3'),
(21338683, 2004, '3'),
(14930854, 2015, '2'),
(20393585, 2011, '1'),
(24233666, 2016, '3'),
(21510546, 2015, '4'),
(22958566, 2008, '4'),
(18284617, 2000, '4'),
(24233640, 1989, '1'),
(23883060, 1990, '1'),
(22235185, 1995, '3'),
(23937768, 1994, '3'),
(22232453, 1991, '2'),
(21338214, 2002, '1'),
(22044318, 2012, '2'),
(32881503, 2002, '4'),
(19582650, 2008, '2'),
(26938134, 2018, '3'),
(31972607, 2019, '3'),
(18318050, 1981, '2'),
(24334626, 2018, '3'),
(28477461, 1988, '4'),
(22672607, 2016, '3'),
(24585347, 2013, '3'),
(22672594, 2006, '3'),
(24652866, 1980, '3'),
(27960978, 2009, '3'),
(23578884, 1987, '2'),
(22431623, 1995, '4'),
(25291341, 2000, '4'),
(21337579, 1990, '2'),
(20997666, 1983, '3'),
(22232495, 1996, '3'),
(22431511, 2019, '3'),
(241375441, 2018, '3'),
(17919698, 1989, '3'),
(21434704, 1989, '1'),
(25099162, 1987, '4'),
(21338209, 2014, '3'),
(32070962, 1990, '1'),
(20891333, 2003, '2'),
(12420929, 1983, '2'),
(24334764, 2015, '4'),
(24092355, 1992, '3'),
(21338262, 2005, '1'),
(16418062, 2009, '3'),
(24092279, 2015, '2'),
(24017024, 1984, '4'),
(28023152, 1994, '2'),
(26579071, 2006, '1'),
(22232483, 1995, '2'),
(15017827, 1985, '3'),
(18284617, 2017, '4'),
(22958566, 2002, '4'),
(22431663, 1985, '2'),
(22232480, 1998, '3'),
(24652866, 1987, '2'),
(26291257, 2012, '3'),
(14746648, 1983, '4'),
(14930854, 2001, '4'),
(25239222, 2003, '2'),
(32881503, 1981, '2'),
(24334626, 1990, '1'),
(18318050, 2003, '1'),
(16194890, 1980, '2'),
(21577613, 1999, '4'),
(23578884, 1984, '4'),
(21510546, 2007, '4'),
(23877551, 2015, '4'),
(21338214, 1988, '4'),
(24376077, 1996, '4'),
(24233640, 1985, '1'),
(23659869, 1981, '1'),
(28477461, 1985, '4'),
(22431623, 1994, '4'),
(16418062, 1986, '4'),
(20393585, 1998, '2'),
(20268988, 2014, '2'),
(24585347, 2008, '2'),
(21039673, 2013, '1'),
(21338209, 1982, '3'),
(22672594, 1999, '4'),
(22232453, 2017, '3'),
(24092355, 1999, '2'),
(21158596, 2009, '3'),
(24334764, 2016, '3'),
(21494913, 1990, '1'),
(25291341, 2011, '2'),
(22672607, 2017, '2'),
(30178616, 2018, '2'),
(22516121, 2010, '3'),
(15438566, 1980, '3'),
(26579071, 2013, '1'),
(22232480, 2018, '3'),
(24334626, 1991, '3'),
(32070962, 2011, '2'),
(23930929, 2004, '3'),
(23593652, 1998, '3'),
(14746648, 1997, '3'),
(15017827, 1983, '3'),
(21510546, 1980, '3'),
(28023152, 1981, '2'),
(21338683, 2017, '2'),
(22044318, 2011, '3'),
(12420929, 1998, '3'),
(241375441, 1995, '4'),
(22672607, 1992, '1'),
(23937768, 2017, '4'),
(24652866, 1997, '3'),
(31972607, 2008, '4'),
(21679407, 2008, '4'),
(20268988, 2015, '4'),
(24334764, 2011, '1'),
(25239222, 2001, '2'),
(20891325, 2012, '1'),
(24017024, 2018, '3'),
(18284617, 1988, '4'),
(21039673, 2017, '3'),
(20393585, 2004, '3'),
(21338209, 2009, '3'),
(23659869, 1995, '2'),
(22431663, 2016, '3'),
(21494913, 2016, '2'),
(24092355, 1980, '2'),
(23883060, 1993, '1'),
(22232453, 1982, '2'),
(22672688, 1997, '1'),
(16418062, 1982, '4'),
(26938134, 2013, '1'),
(21338262, 2010, '3'),
(14930854, 1994, '1'),
(22431511, 2012, '3'),
(23578884, 1994, '2'),
(25291341, 1989, '3'),
(24233640, 2005, '2'),
(21338214, 1995, '3'),
(22431623, 2000, '2'),
(22672607, 1980, '3'),
(14746648, 2018, '2'),
(32881503, 1986, '3'),
(23877551, 2018, '3'),
(22232483, 2018, '3'),
(12420929, 1987, '1'),
(26579071, 1996, '3'),
(22672594, 2018, '2'),
(28023152, 2015, '3'),
(15017827, 1986, '3'),
(16194890, 2002, '4'),
(24017024, 1993, '1'),
(22235185, 2011, '2'),
(24585347, 1983, '4'),
(20997666, 1984, '2'),
(30132582, 2017, '2'),
(21337579, 2012, '4'),
(32070962, 1994, '2'),
(24334626, 2012, '1'),
(21577613, 1983, '3'),
(22232495, 2012, '4'),
(20268988, 2006, '3'),
(23930929, 2010, '3'),
(21338683, 2010, '3'),
(21158596, 1998, '4'),
(20937283, 2005, '1'),
(23593652, 1988, '2'),
(24092355, 1981, '3'),
(20393585, 2016, '2'),
(22672607, 1981, '3'),
(26938134, 2010, '1'),
(23937768, 2000, '2'),
(24092279, 1991, '2'),
(24334764, 1989, '1'),
(22044318, 2010, '4'),
(17919698, 2013, '1'),
(23578884, 2003, '1'),
(12420929, 1984, '2'),
(22672688, 2017, '4'),
(22232453, 2016, '2'),
(22431663, 2006, '2'),
(31972607, 1991, '2'),
(14746648, 2011, '3'),
(21510546, 1995, '3'),
(23659869, 2013, '2'),
(24233640, 2018, '3'),
(26291257, 1983, '3'),
(22431511, 2001, '4'),
(23883060, 2002, '3'),
(22232480, 2005, '4'),
(28477461, 2010, '2'),
(32070962, 1997, '2'),
(21039673, 1981, '1'),
(25239222, 1980, '1'),
(20891333, 1998, '1'),
(22672594, 2008, '1'),
(20891325, 2018, '1'),
(16418062, 2003, '3'),
(16194890, 2019, '3'),
(24017024, 1994, '3'),
(20268988, 2011, '3'),
(18318050, 1995, '2'),
(22958566, 2013, '2'),
(15438566, 1984, '3'),
(14930854, 1991, '4'),
(24585347, 2015, '2'),
(22232495, 1993, '1'),
(26579071, 1994, '3'),
(24334626, 2014, '4'),
(22232483, 1990, '3'),
(20393585, 2010, '1'),
(24092316, 2004, '1'),
(24092355, 2017, '2'),
(26938134, 1993, '4'),
(23937768, 1984, '3'),
(24334764, 2012, '3'),
(22235185, 2019, '2'),
(20937283, 1999, '3'),
(18284617, 2001, '2'),
(30178616, 2012, '1'),
(22044318, 1983, '3'),
(23593652, 2008, '2'),
(22672607, 1995, '1'),
(24092279, 2000, '4'),
(14973114, 2005, '2'),
(21337579, 1997, '4'),
(21338214, 2018, '2'),
(31972607, 1996, '2'),
(21338209, 2010, '2'),
(21679407, 2004, '3'),
(21039673, 2015, '3'),
(22232453, 2007, '4'),
(15017827, 2001, '4'),
(20393585, 1997, '3'),
(28023152, 2005, '4'),
(26579071, 1981, '3'),
(23930929, 2005, '3'),
(16418062, 1988, '4'),
(24233640, 1999, '2'),
(21577613, 2016, '3'),
(24585347, 2006, '3'),
(22232480, 1997, '3'),
(25291341, 1985, '4'),
(14930854, 1986, '4'),
(32070962, 1983, '3'),
(20268988, 1997, '3'),
(24233666, 1984, '3'),
(16194890, 1994, '3'),
(15438566, 2017, '2'),
(26291257, 2017, '2'),
(23578884, 2008, '4'),
(241375441, 2000, '2'),
(24334626, 2005, '1'),
(25099162, 2010, '3'),
(24376077, 1980, '2'),
(21338214, 2003, '2'),
(24092355, 1996, '1'),
(24092279, 2007, '4'),
(22672607, 2018, '3'),
(24334687, 2005, '1'),
(23659869, 1990, '1'),
(20937283, 2000, '3'),
(12420929, 2007, '1'),
(26938134, 2016, '4'),
(22431511, 2013, '2'),
(20891325, 2004, '1'),
(24233640, 1993, '3'),
(24092316, 1994, '2'),
(24334626, 1985, '1'),
(15017827, 2005, '1'),
(21158596, 1999, '4'),
(22232483, 2010, '1'),
(26579071, 2004, '4'),
(22232495, 2003, '3'),
(22672594, 1995, '4'),
(23883060, 2016, '1'),
(21338209, 1992, '1'),
(20268988, 1999, '4'),
(31972607, 2002, '3'),
(22235185, 2003, '2'),
(22232453, 1996, '2'),
(21494913, 2014, '2'),
(19582650, 1983, '3'),
(14746648, 2014, '4'),
(32881503, 1995, '4'),
(32070962, 1982, '2'),
(23877551, 1988, '4'),
(21338214, 1992, '4'),
(22958566, 2018, '3'),
(28023152, 2012, '2'),
(24092355, 2009, '3'),
(20393585, 2003, '3'),
(12420929, 1990, '4'),
(25239222, 1996, '2'),
(23937768, 1980, '2'),
(21337579, 1980, '2'),
(16418062, 2014, '1'),
(20997666, 1995, '2'),
(18284617, 2016, '3'),
(21158596, 2007, '3'),
(22431511, 1996, '2'),
(21510546, 2005, '1'),
(22672688, 2001, '3'),
(23578884, 2000, '2'),
(16194890, 1988, '2'),
(30178616, 1984, '1'),
(24334626, 2001, '3'),
(20937283, 1987, '2'),
(24334764, 1991, '4'),
(22672607, 1989, '3'),
(26291257, 1999, '4'),
(23930929, 1995, '2'),
(24233666, 2019, '3'),
(28477461, 1987, '4'),
(21338683, 2007, '3'),
(21039673, 1994, '1'),
(21679407, 1991, '2'),
(12420929, 2013, '4'),
(21158596, 2010, '3'),
(23883060, 2001, '2'),
(21338209, 1991, '3'),
(31972607, 1988, '4'),
(22958566, 1983, '4'),
(25291341, 1996, '2'),
(23578884, 1997, '4'),
(22431623, 2009, '3'),
(23593652, 1994, '3'),
(18318050, 2005, '3'),
(22431511, 1988, '3'),
(21338214, 1984, '1'),
(15438566, 2011, '2'),
(20393585, 1994, '1'),
(24334626, 1996, '1'),
(21577613, 2014, '3'),
(20891325, 2017, '1'),
(26938134, 1994, '3'),
(21337579, 1983, '4'),
(22044318, 1989, '4'),
(22672688, 1983, '3'),
(22235185, 1984, '4'),
(24092279, 1988, '4'),
(20997666, 1998, '3'),
(24334764, 1992, '1'),
(30178616, 1998, '2'),
(22232453, 1980, '4'),
(20937283, 2013, '1'),
(32881503, 2014, '3'),
(30132582, 1984, '2'),
(12420929, 1980, '3'),
(24092316, 2011, '2'),
(14746648, 1980, '1'),
(24092355, 1984, '3'),
(22431663, 2010, '3'),
(26579071, 2005, '1'),
(15017827, 1991, '1'),
(32070962, 1981, '3'),
(22232495, 1980, '2'),
(23593652, 2001, '4'),
(16418062, 1998, '3'),
(21158596, 2006, '4'),
(21338209, 2006, '2'),
(21679407, 1980, '3'),
(22232480, 1984, '3'),
(22431623, 1992, '3'),
(22232483, 1981, '1'),
(20937283, 1990, '3'),
(28023152, 1998, '2'),
(20393585, 2008, '1'),
(20891325, 1983, '1'),
(23877551, 1994, '3'),
(22235185, 1986, '3'),
(17919698, 1998, '2'),
(16194890, 2011, '2'),
(18284617, 1994, '2'),
(30132582, 1994, '2'),
(23883060, 1987, '4'),
(25239222, 2005, '3'),
(24334626, 1994, '2'),
(21337579, 2004, '3'),
(24334764, 2013, '3'),
(241375441, 2011, '1'),
(31972607, 2013, '3'),
(19582650, 2005, '1'),
(15438566, 1998, '4'),
(14746648, 2015, '4'),
(24092279, 2003, '3'),
(26938134, 1995, '3'),
(23659869, 2009, '3'),
(23930929, 2006, '2'),
(23578884, 2019, '3'),
(30178616, 2001, '4'),
(21338214, 1982, '1'),
(20937283, 2012, '1'),
(24233666, 2010, '4'),
(21577613, 1998, '4'),
(22232453, 2003, '3'),
(12420929, 2004, '1'),
(22672688, 2009, '1'),
(21039673, 2004, '3'),
(22958566, 1982, '1'),
(22232480, 2016, '2'),
(26291257, 1993, '2'),
(20997666, 1992, '1'),
(22044318, 2006, '2'),
(24092316, 2016, '4'),
(23937768, 1998, '1'),
(18284617, 1982, '4'),
(22431511, 2011, '3'),
(22431623, 1985, '4'),
(23593652, 2000, '3'),
(14973114, 1990, '3'),
(32070962, 2012, '1'),
(22235185, 2006, '3'),
(21679407, 1985, '4'),
(28477461, 1993, '4'),
(22232483, 2011, '1'),
(24376077, 2010, '4'),
(22431663, 1995, '4'),
(24334626, 2015, '3'),
(18318050, 1996, '3'),
(23659869, 1983, '2'),
(21494913, 2007, '2'),
(23883060, 2011, '2'),
(21338209, 2007, '2'),
(31972607, 1992, '2'),
(21510546, 1990, '2'),
(20891333, 2012, '2'),
(28023152, 2018, '3'),
(20393585, 2006, '3'),
(241375441, 2016, '3'),
(24092279, 1981, '3'),
(16194890, 1984, '4'),
(23578884, 1989, '3'),
(20937283, 2018, '3'),
(26938134, 2004, '1'),
(23930929, 1987, '2'),
(32881503, 1993, '2'),
(14746648, 2009, '2'),
(24092316, 1982, '2'),
(15438566, 2004, '2'),
(30132582, 2012, '2'),
(21577613, 2003, '2'),
(26579071, 2002, '4'),
(26291257, 1992, '3'),
(22232453, 1999, '4'),
(12420929, 2017, '1'),
(18284617, 1989, '1'),
(20393585, 1999, '1'),
(21338214, 1994, '4'),
(20891325, 1990, '1'),
(23883060, 2007, '2'),
(28477461, 1984, '3'),
(21679407, 2007, '2'),
(22235185, 2018, '1'),
(22431623, 2007, '1'),
(32070962, 2002, '4'),
(22431511, 2015, '4'),
(28023152, 1980, '1'),
(12420929, 1996, '2'),
(25239222, 2014, '2'),
(20937283, 2008, '3'),
(24334626, 1988, '1'),
(22958566, 2016, '3'),
(24092279, 2011, '3'),
(21510546, 2011, '3'),
(22672688, 2011, '3'),
(241375441, 1987, '3'),
(17919698, 1987, '1'),
(16194890, 1991, '3'),
(14746648, 2002, '3'),
(23883060, 2010, '3'),
(24233666, 2012, '3'),
(15017827, 2017, '4'),
(22232483, 1993, '4'),
(20937283, 1986, '3'),
(22232495, 2000, '4'),
(23659869, 2016, '4'),
(23930929, 1984, '4'),
(24334626, 1980, '1'),
(22044318, 1988, '4'),
(20891325, 1992, '1'),
(24092316, 2015, '3'),
(31972607, 1982, '1'),
(20891333, 2009, '3'),
(23593652, 1989, '3'),
(19582650, 2001, '2'),
(26579071, 2018, '2'),
(23937768, 2005, '1'),
(22431663, 2002, '1'),
(21510546, 1984, '3'),
(32881503, 2017, '2'),
(241375441, 1981, '2'),
(32070962, 1989, '2'),
(20393585, 1985, '1'),
(26938134, 2011, '3'),
(14746648, 1996, '4'),
(28477461, 1994, '4'),
(22235185, 2007, '2'),
(22232453, 1981, '3'),
(15438566, 2002, '4'),
(24334687, 1984, '4'),
(23578884, 1995, '4'),
(15017827, 1984, '3'),
(20937283, 2017, '3'),
(30178616, 2006, '2'),
(24334764, 1995, '4'),
(18318050, 2000, '2'),
(23930929, 1996, '2'),
(21577613, 1986, '4'),
(21039673, 1995, '3'),
(14973114, 2012, '2'),
(25239222, 1986, '1'),
(21338683, 1989, '4'),
(12420929, 2000, '2'),
(22232495, 1997, '2'),
(22232483, 2014, '4'),
(22672594, 2011, '3'),
(19582650, 1999, '2'),
(24334626, 2006, '1'),
(16194890, 2010, '4'),
(24092279, 1989, '1'),
(20997666, 2014, '4'),
(32070962, 1980, '3'),
(18284617, 2013, '4'),
(23883060, 1997, '2'),
(20937283, 1994, '3'),
(32881503, 1994, '2'),
(23659869, 2010, '1'),
(23578884, 1983, '1'),
(26938134, 1987, '1'),
(28023152, 1990, '1'),
(24334687, 2006, '1'),
(30178616, 1996, '4'),
(22235185, 1990, '4'),
(24092316, 2000, '2'),
(21039673, 1982, '3'),
(21679407, 2012, '3'),
(20891333, 1981, '1'),
(22431663, 2003, '3'),
(23937768, 1999, '2'),
(241375441, 2009, '3'),
(24233666, 2005, '2'),
(20393585, 2001, '4'),
(14746648, 1994, '3'),
(25099162, 1991, '3'),
(25239222, 2012, '2'),
(23930929, 1991, '1'),
(23578884, 2011, '2'),
(26938134, 1985, '1'),
(12420929, 2001, '4'),
(22044318, 1991, '1'),
(14973114, 2017, '4'),
(22431623, 2002, '1'),
(20997666, 2019, '3'),
(16194890, 2018, '3'),
(241375441, 1988, '3'),
(23877551, 2009, '3'),
(15438566, 2016, '2'),
(24092279, 2012, '3'),
(21494913, 1988, '2'),
(18284617, 1998, '3'),
(23937768, 2009, '1'),
(20891325, 2010, '2'),
(24376077, 1991, '2'),
(22672594, 2019, '4'),
(30132582, 2001, '4'),
(15017827, 2018, '2'),
(21039673, 1985, '4'),
(14746648, 1990, '1'),
(28023152, 1997, '2'),
(17919698, 2017, '2'),
(12420929, 2012, '1'),
(23593652, 1992, '1'),
(18318050, 1985, '1'),
(26291257, 2004, '3'),
(22235185, 2017, '4'),
(23578884, 1991, '3'),
(23659869, 1993, '3'),
(25291341, 2001, '4'),
(23930929, 1988, '1'),
(24233666, 1993, '3'),
(25239222, 1985, '3'),
(20393585, 2014, '1'),
(18284617, 2003, '3'),
(22672688, 2014, '1'),
(16194890, 1989, '3'),
(32881503, 1992, '3'),
(24334764, 1981, '3'),
(22232495, 2007, '1'),
(23930929, 1999, '3'),
(30132582, 1982, '1'),
(24334626, 1998, '1'),
(23937768, 1993, '2'),
(23593652, 2002, '3'),
(14746648, 2013, '2'),
(20393585, 1981, '2'),
(24334687, 2001, '4'),
(24092279, 2010, '3'),
(22232453, 1988, '4'),
(19582650, 2007, '4'),
(22958566, 2005, '4'),
(12420929, 1993, '2'),
(21494913, 1985, '4'),
(31972607, 2017, '4'),
(22431623, 1984, '2'),
(23578884, 2001, '2'),
(17919698, 1999, '1'),
(21510546, 2008, '1'),
(21039673, 1993, '1'),
(22235185, 1985, '4'),
(30132582, 2006, '2'),
(20997666, 2006, '4'),
(26938134, 2002, '1'),
(24334764, 2004, '3'),
(22044318, 2004, '3'),
(25291341, 2007, '1'),
(14973114, 2011, '1'),
(20891325, 2009, '4'),
(24092316, 2017, '4'),
(18284617, 2009, '1'),
(23593652, 1987, '4'),
(23883060, 2006, '4'),
(19582650, 1994, '2'),
(23877551, 2005, '2'),
(24233666, 1992, '3'),
(25239222, 1997, '2'),
(24376077, 1989, '4'),
(15438566, 2000, '4'),
(23937768, 2010, '3'),
(12420929, 1981, '3'),
(30178616, 1986, '2'),
(15017827, 1982, '4'),
(24334626, 2011, '1'),
(26291257, 1984, '2'),
(22431663, 1990, '2'),
(22672688, 2016, '2'),
(21679407, 2019, '3'),
(28477461, 2017, '4'),
(22431623, 2013, '3'),
(22958566, 2019, '2'),
(22232453, 2013, '2'),
(18318050, 1986, '4'),
(24092279, 2017, '2'),
(28023152, 2014, '4'),
(18284617, 1986, '3'),
(26938134, 2000, '3'),
(20393585, 2007, '2'),
(22232495, 1990, '3'),
(14746648, 2005, '4'),
(30132582, 1990, '2'),
(23883060, 1986, '1'),
(23937768, 1991, '4'),
(12420929, 1994, '1'),
(19582650, 1989, '1'),
(14973114, 1993, '2'),
(20891325, 2016, '4'),
(20997666, 2018, '2'),
(21039673, 2019, '1'),
(20891333, 2014, '1'),
(21679407, 1995, '2'),
(24233666, 1987, '2'),
(24334626, 2017, '1'),
(18318050, 2015, '3'),
(22431663, 2014, '3'),
(22235185, 2005, '4'),
(17919698, 2009, '3'),
(15438566, 2019, '2'),
(23659869, 1985, '1'),
(25239222, 2016, '1'),
(22672594, 1993, '3'),
(25291341, 1993, '3'),
(28477461, 2014, '1'),
(22431623, 2008, '2'),
(22044318, 2017, '3'),
(21510546, 2017, '2'),
(26938134, 2015, '3'),
(25099162, 2003, '4'),
(22672688, 1994, '3'),
(24092316, 1985, '4'),
(15017827, 1998, '4'),
(32881503, 1985, '3'),
(19582650, 1995, '4'),
(30132582, 2002, '4'),
(14746648, 2008, '4'),
(21494913, 2006, '1'),
(23593652, 2006, '1'),
(21679407, 1990, '4'),
(20891325, 2001, '2'),
(24334626, 1999, '1'),
(12420929, 2008, '4'),
(23877551, 1998, '3'),
(26291257, 1981, '2'),
(23937768, 2014, '4'),
(14973114, 1996, '2'),
(23930929, 2012, '2'),
(23578884, 2004, '3'),
(15438566, 2006, '3'),
(22672594, 1987, '3'),
(22232495, 1998, '3'),
(23659869, 1987, '1'),
(22235185, 1994, '2'),
(18318050, 1980, '3'),
(19582650, 1980, '3'),
(30178616, 1987, '3'),
(14746648, 1999, '2'),
(17919698, 1995, '2'),
(18284617, 1991, '1'),
(28477461, 2000, '4'),
(24092316, 1988, '2'),
(25239222, 1987, '2'),
(22431623, 2019, '3'),
(32881503, 2018, '3'),
(12420929, 2003, '1'),
(20891333, 2019, '2'),
(20997666, 2007, '3'),
(24334626, 2016, '4'),
(23578884, 2015, '3'),
(23930929, 1989, '2'),
(26291257, 2009, '2'),
(14746648, 2001, '2'),
(22672688, 2005, '4'),
(23593652, 2005, '3'),
(18284617, 1995, '4'),
(24376077, 2017, '2'),
(25099162, 1985, '4'),
(22672594, 2012, '3'),
(22232495, 1988, '1'),
(14973114, 2018, '1'),
(24233666, 1998, '4'),
(23877551, 1997, '2'),
(22431663, 2019, '3'),
(12420929, 2006, '1'),
(23937768, 1992, '2'),
(25099162, 1983, '3'),
(24334626, 1982, '3'),
(22431623, 2012, '3'),
(23930929, 2011, '3'),
(22672688, 1996, '2'),
(23578884, 2002, '1'),
(22672594, 2017, '4'),
(22431663, 2007, '3'),
(18318050, 2017, '2'),
(23659869, 2008, '4'),
(21510546, 1982, '4'),
(15438566, 2005, '3'),
(20891333, 1994, '2'),
(30178616, 2010, '2'),
(24092279, 1995, '2'),
(14746648, 2010, '1'),
(12420929, 1999, '3'),
(22431663, 1983, '3'),
(20997666, 2015, '3'),
(14973114, 1980, '3'),
(25291341, 2014, '2'),
(22232495, 2013, '2'),
(23937768, 2018, '1'),
(30132582, 1995, '4'),
(22672688, 1989, '1'),
(28477461, 2001, '3'),
(22431623, 2003, '1'),
(23578884, 1992, '1'),
(12420929, 1985, '1'),
(23659869, 1991, '3'),
(26291257, 1982, '2'),
(16034226, 2013, '2'),
(20891325, 2000, '1'),
(22672594, 1988, '3'),
(23930929, 1992, '2'),
(23877551, 1999, '1'),
(24092316, 1995, '3'),
(22431663, 2018, '3'),
(14973114, 1987, '1'),
(14746648, 2006, '1'),
(18318050, 1988, '4'),
(18284617, 2010, '1'),
(32881503, 2008, '3'),
(21494913, 1992, '2'),
(23659869, 1980, '3'),
(23593652, 2019, '3'),
(22232453, 1993, '3'),
(25099162, 2008, '2'),
(16034226, 1987, '1'),
(28477461, 2015, '4'),
(15438566, 1990, '4'),
(24334687, 2013, '3'),
(22431663, 1991, '4'),
(24092279, 1986, '4'),
(17919698, 2011, '2'),
(20891325, 1994, '3'),
(14746648, 1989, '3'),
(19582650, 2011, '1'),
(12420929, 2019, '3'),
(23930929, 2003, '2'),
(22672594, 1982, '3'),
(23578884, 1993, '1'),
(30178616, 2004, '3'),
(21039673, 2011, '1'),
(20891333, 1987, '1'),
(15438566, 2013, '3'),
(24233666, 2003, '2'),
(24334626, 1986, '4'),
(23937768, 1981, '2'),
(21494913, 1999, '4'),
(22431663, 2004, '3'),
(14746648, 2003, '2'),
(25291341, 2004, '1'),
(12420929, 2014, '3'),
(16034226, 2018, '2'),
(25239222, 2018, '1'),
(20997666, 1991, '3'),
(14973114, 2003, '3'),
(23877551, 2008, '3'),
(22672594, 1989, '1'),
(18284617, 1996, '1'),
(24092279, 1985, '3'),
(23659869, 2005, '2'),
(12420929, 1997, '2'),
(24233666, 2000, '2'),
(24376077, 2005, '2'),
(25099162, 1995, '1'),
(22431663, 2011, '4'),
(28477461, 2012, '1'),
(20891325, 2007, '2'),
(18318050, 1982, '1'),
(21494913, 2018, '3'),
(21039673, 2005, '2'),
(23937768, 1996, '3'),
(17919698, 1980, '3'),
(16034226, 2012, '1'),
(14746648, 2012, '4'),
(23578884, 2012, '2'),
(24334626, 2008, '4'),
(24092316, 1998, '4'),
(30132582, 1999, '2'),
(23877551, 1991, '2'),
(21494913, 1995, '2'),
(20891325, 1996, '4'),
(14973114, 2001, '2'),
(24334687, 1989, '1'),
(12420929, 2018, '1'),
(18284617, 1992, '2'),
(21039673, 2008, '3'),
(20891333, 1991, '1'),
(24233666, 2015, '4'),
(24092316, 2006, '1'),
(22672594, 1984, '3'),
(12420929, 1991, '1'),
(23659869, 1996, '3'),
(21494913, 2011, '3'),
(15438566, 1983, '3'),
(18318050, 2006, '2'),
(15017827, 1981, '1'),
(14746648, 1992, '1'),
(32881503, 2005, '3'),
(25291341, 1991, '2'),
(23578884, 2009, '1'),
(17919698, 1994, '2'),
(24092279, 2018, '3'),
(18284617, 1985, '4'),
(20891325, 2011, '1'),
(22672594, 1981, '2'),
(12420929, 1992, '1'),
(23659869, 1999, '2'),
(20997666, 1981, '3'),
(21039673, 1992, '2'),
(25099162, 2007, '4'),
(24376077, 2009, '3'),
(25239222, 1993, '1'),
(15438566, 1996, '4'),
(16034226, 1994, '3'),
(22672594, 2002, '4'),
(14746648, 1987, '1'),
(31972607, 2014, '2'),
(24092279, 1987, '3'),
(22232495, 1994, '4'),
(24233666, 2017, '4'),
(20891333, 2005, '1'),
(23578884, 2018, '2'),
(23877551, 2000, '4'),
(21039673, 2007, '2'),
(18318050, 1992, '3'),
(23659869, 1988, '2'),
(25099162, 1982, '4'),
(21494913, 2019, '4'),
(20891325, 2019, '4'),
(15017827, 1997, '1'),
(20997666, 2011, '3'),
(32881503, 1998, '4'),
(25239222, 1988, '2'),
(23578884, 1996, '3'),
(16034226, 2002, '4'),
(24334687, 2002, '4'),
(21039673, 1986, '3'),
(25291341, 2006, '1'),
(24092316, 1991, '3'),
(24092279, 2008, '3'),
(16034226, 1998, '3'),
(22672594, 2005, '2'),
(14973114, 2010, '3'),
(21494913, 1993, '3'),
(20891333, 1999, '2'),
(31972607, 2006, '4'),
(23659869, 2006, '2'),
(23578884, 1981, '2'),
(24376077, 2001, '2'),
(23937768, 2011, '4'),
(20891325, 1984, '4'),
(23877551, 2014, '1'),
(21039673, 2003, '1'),
(24233666, 1983, '1'),
(22232495, 2019, '3'),
(20997666, 2009, '3'),
(22672594, 2013, '3'),
(20891325, 1981, '2'),
(25099162, 1984, '3'),
(31972607, 2007, '1'),
(17919698, 2007, '1'),
(25291341, 1999, '4'),
(32881503, 2011, '2'),
(24092279, 2019, '3'),
(18318050, 1993, '3'),
(15017827, 1995, '2'),
(23877551, 2016, '2'),
(26291257, 2019, '3'),
(21039673, 2016, '2'),
(16034226, 2000, '2'),
(23659869, 2011, '2'),
(24233666, 1995, '2'),
(21494913, 1997, '4'),
(22672594, 1985, '4'),
(23578884, 2016, '4'),
(14973114, 2007, '1'),
(20997666, 2002, '3'),
(20891325, 2006, '1'),
(24376077, 2015, '2'),
(18318050, 2001, '2'),
(25099162, 1981, '3'),
(24334687, 1997, '1'),
(32881503, 1988, '1'),
(22672594, 2010, '2'),
(22232495, 2016, '3'),
(16034226, 2001, '4'),
(14973114, 1982, '3'),
(20997666, 2016, '2'),
(21039673, 1987, '1'),
(20891325, 1997, '4'),
(17919698, 2014, '2'),
(20891333, 2011, '2'),
(24092279, 2005, '3'),
(23659869, 2012, '2'),
(23578884, 2010, '3'),
(23877551, 1981, '3'),
(26291257, 2011, '3'),
(30178616, 2009, '3'),
(21494913, 1998, '2'),
(16034226, 2007, '4'),
(24092316, 1986, '4'),
(23659869, 1989, '3'),
(24376077, 2003, '2'),
(18318050, 2019, '3'),
(22232495, 1985, '3'),
(15017827, 1994, '3'),
(25291341, 1987, '3'),
(21039673, 1990, '1'),
(16034226, 1983, '3'),
(32881503, 2015, '4'),
(20891325, 2013, '4'),
(23877551, 1983, '3'),
(14973114, 2016, '1'),
(25099162, 2014, '1'),
(22672594, 2016, '1'),
(21494913, 1991, '3'),
(21039673, 1980, '1'),
(24334687, 1998, '3'),
(23659869, 2004, '1'),
(24092316, 2005, '2'),
(26291257, 2013, '1'),
(17919698, 2000, '4'),
(30178616, 2014, '2'),
(20997666, 1980, '1'),
(22232495, 1995, '2'),
(16034226, 1982, '2'),
(25291341, 1986, '3'),
(24376077, 2016, '2'),
(21494913, 1984, '4'),
(22672594, 1992, '2'),
(25099162, 2006, '3'),
(17919698, 1992, '1'),
(23659869, 1982, '4'),
(26291257, 1985, '2'),
(21039673, 1999, '4'),
(23877551, 2011, '3'),
(24092279, 1994, '3'),
(18318050, 2004, '3'),
(20891333, 1996, '1'),
(14973114, 1984, '4'),
(30178616, 1995, '2'),
(22232495, 2010, '3'),
(23578884, 2013, '3'),
(21494913, 2008, '4'),
(25291341, 2010, '2'),
(20997666, 1999, '4'),
(24092316, 2002, '1'),
(26291257, 1986, '3'),
(24092279, 1982, '4'),
(16034226, 2004, '3'),
(24376077, 1988, '4'),
(24334687, 2008, '1'),
(20997666, 1988, '3'),
(22672594, 1991, '3'),
(21494913, 2009, '2'),
(23659869, 2017, '3'),
(23877551, 1995, '2'),
(24092279, 1983, '4'),
(16034226, 1985, '4'),
(14973114, 2000, '2'),
(25099162, 1980, '1'),
(21039673, 1996, '3'),
(25291341, 2002, '1'),
(20891333, 2016, '4'),
(15017827, 1989, '2'),
(21494913, 2002, '3'),
(30178616, 2008, '3'),
(16034226, 2005, '2'),
(25099162, 2012, '2'),
(26291257, 2001, '2'),
(23578884, 1998, '2'),
(17919698, 1991, '3'),
(25291341, 2017, '3'),
(23659869, 1997, '4'),
(22672594, 2014, '3'),
(14973114, 2015, '2'),
(16034226, 1991, '1'),
(21039673, 2006, '3'),
(23578884, 2006, '1'),
(21494913, 2010, '2'),
(20997666, 2017, '4'),
(20891333, 2002, '4'),
(23659869, 1992, '1'),
(26291257, 2008, '3'),
(21039673, 2000, '4'),
(23578884, 1982, '1'),
(25099162, 2015, '3'),
(16034226, 2011, '3'),
(25291341, 1982, '4'),
(17919698, 2001, '4'),
(24092279, 2016, '2'),
(24092316, 2014, '2'),
(23578884, 1985, '1'),
(23659869, 2014, '3'),
(21494913, 2004, '1'),
(14973114, 1983, '2'),
(16034226, 1992, '3'),
(24092316, 1987, '2'),
(21494913, 1987, '3'),
(24092279, 2006, '3'),
(23659869, 1998, '1'),
(26291257, 2010, '3'),
(14973114, 1991, '3'),
(20997666, 1982, '2'),
(30178616, 1992, '2'),
(24376077, 1987, '1'),
(16034226, 2019, '3'),
(20891333, 1990, '3'),
(24092279, 2004, '3'),
(17919698, 1984, '1'),
(25099162, 2019, '2'),
(16034226, 1981, '1'),
(20891333, 1988, '4'),
(23659869, 2018, '1'),
(25099162, 1996, '2'),
(25291341, 2009, '2'),
(23578884, 1999, '1'),
(17919698, 2008, '4'),
(26291257, 1995, '2'),
(16034226, 2017, '4'),
(24092316, 2010, '4'),
(16034226, 1984, '4'),
(17919698, 2010, '1'),
(30178616, 2016, '2'),
(23578884, 1988, '2'),
(26291257, 2000, '4'),
(23659869, 2000, '4'),
(21494913, 2017, '4'),
(25099162, 2004, '3'),
(14973114, 2014, '4'),
(23578884, 2007, '4'),
(26291257, 2003, '3'),
(30178616, 1999, '4'),
(25291341, 2005, '2'),
(23659869, 2001, '1'),
(14973114, 1986, '3'),
(20891333, 1992, '1'),
(23578884, 2014, '2'),
(23659869, 1986, '4'),
(26291257, 1997, '1'),
(25099162, 1988, '3'),
(30178616, 1993, '3'),
(17919698, 1982, '1'),
(23578884, 1980, '3'),
(16034226, 1988, '3'),
(25291341, 2003, '2'),
(16034226, 1980, '2'),
(24376077, 1983, '3'),
(23659869, 2003, '1'),
(30178616, 1997, '1'),
(14973114, 2009, '3'),
(16034226, 2010, '1'),
(17919698, 2019, '3'),
(25099162, 1986, '4'),
(25291341, 1983, '3'),
(20891333, 2006, '3'),
(26291257, 2018, '2'),
(23578884, 2017, '4'),
(30178616, 2015, '2'),
(24334687, 2019, '4'),
(14973114, 1997, '1'),
(24376077, 2000, '4'),
(16034226, 2016, '4'),
(17919698, 1996, '2'),
(23659869, 2019, '3'),
(26291257, 1988, '3'),
(16034226, 1986, '3'),
(20891333, 1980, '3'),
(14973114, 1989, '4'),
(16034226, 2015, '4'),
(14973114, 1992, '3'),
(16034226, 2006, '1'),
(25099162, 2001, '4'),
(23578884, 1990, '1'),
(24376077, 1995, '2'),
(17919698, 1983, '1'),
(30178616, 2019, '3'),
(23578884, 1986, '2'),
(20891333, 2007, '1'),
(16034226, 2003, '3'),
(25099162, 2002, '3'),
(14973114, 2008, '4'),
(16034226, 1993, '4'),
(26291257, 1990, '4'),
(30178616, 1988, '1'),
(24376077, 1994, '4'),
(25099162, 2018, '3'),
(14973114, 1995, '3'),
(16034226, 1999, '3'),
(26291257, 2014, '2'),
(16034226, 1997, '4'),
(26291257, 2002, '3'),
(24376077, 2008, '1'),
(30178616, 1981, '3'),
(25099162, 2017, '4'),
(14973114, 2004, '3'),
(16034226, 2014, '2'),
(24334687, 1991, '2'),
(26291257, 2016, '2'),
(16034226, 1995, '2'),
(30178616, 2002, '3'),
(14973114, 2013, '3'),
(25099162, 1993, '2'),
(16034226, 1990, '3'),
(26291257, 2005, '3'),
(24334687, 2009, '1'),
(14973114, 1981, '2'),
(16034226, 2008, '4'),
(24334687, 1985, '3'),
(20891333, 1995, '2'),
(16034226, 1996, '4'),
(25099162, 1999, '4'),
(16034226, 1989, '3'),
(14973114, 1998, '3'),
(24376077, 2014, '4'),
(24334687, 1988, '2'),
(20891333, 1986, '4'),
(16034226, 2009, '3'),
(14973114, 2006, '2'),
(25099162, 2005, '3'),
(30178616, 1982, '2'),
(20891333, 2013, '3'),
(14973114, 1999, '4'),
(30178616, 2005, '3'),
(25099162, 2013, '1'),
(30178616, 2011, '3'),
(20891333, 2000, '4'),
(14973114, 1994, '2'),
(25099162, 2000, '2'),
(20891333, 1989, '2'),
(30178616, 2013, '3'),
(14973114, 2019, '4'),
(25099162, 1989, '1'),
(20891333, 2017, '2'),
(24334687, 2011, '4'),
(20891333, 1997, '4'),
(25099162, 1992, '4'),
(20891333, 1982, '1'),
(14973114, 1985, '4'),
(25099162, 1994, '4'),
(24334687, 2014, '3'),
(25099162, 2016, '3'),
(25099162, 2011, '2'),
(14973114, 1988, '4'),
(14973114, 2002, '2');

-- --------------------------------------------------------

--
-- Table structure for table `tbl_siswa`
--

CREATE TABLE `tbl_siswa` (
  `id_siswa` int(11) NOT NULL,
  `nama` varchar(255) NOT NULL
) ENGINE=InnoDB DEFAULT CHARSET=latin1;

--
-- Dumping data for table `tbl_siswa`
--

INSERT INTO `tbl_siswa` (`id_siswa`, `nama`) VALUES
(1342048, 'Amri Hashem Muchtar'),
(12420929, 'Yasmin Iftinan'),
(14746648, 'Selvia Parera'),
(14930854, 'Tsamara Rasyidah Sukresna'),
(14973114, 'Hammam Ahmad Hanif'),
(15017827, 'Fitri Wulan Darojati'),
(15438566, 'Najwa'),
(15573954, 'Muhammad Thoriq Abyan Pratama'),
(16034214, 'Rizky Ananta Putra'),
(16034226, 'Decia Frientca Maura Dewayu Sota'),
(16194890, 'Muhamad Adzka Noor Sadaryun'),
(16418062, 'Diarga Mulya Ramandha'),
(17919698, 'Virgiawan Galang Ramadhan'),
(18284617, 'Andinni Bhinneka Mantika'),
(18318050, 'Hafidh Aliyudin Fahmi'),
(19582650, 'Mullah Barokah'),
(20268988, 'Marjori Bethania Rahmawan'),
(20393585, 'Muhamad Irsyad Nurzaman Wiriadisastra'),
(20891325, 'Eva Arifatul Khoridah'),
(20891333, 'Zia\'ul Achmad Syafa\'at Faisal'),
(20937283, 'Faris Syaifullah'),
(20997666, 'Ahdi Fakhri Aliyuddin'),
(21039673, 'Muhammad Ihsanul Raihan'),
(21158596, 'Lathifatunnisa'),
(21337579, 'Shannon Christela Lisias'),
(21337968, 'Muhammad Ridwan Nur Setiawan'),
(21338209, 'Mochamad Hakim Fikitabillah'),
(21338214, 'Hernando Arya Amandito'),
(21338262, 'Puri Nabila'),
(21338683, 'Yuniartika'),
(21434704, 'Puspa Maulidinia Purwasih Ushandi'),
(21494913, 'Etang Lintang Hinanjalu'),
(21510546, 'Manda Nur Intan Riyanti'),
(21577613, 'Syaefani Hafis'),
(21653279, 'Fahrizal Ramadwivan Setyawan'),
(21679407, 'Muhamad Anggito Herlambang Hadisuwarno'),
(22030541, 'Azhar Dimas Tjahjanto'),
(22044318, 'Emha Prayogi Nugraha'),
(22232453, 'Rafif Sandhia Afandhita'),
(22232480, 'Alma Roselynne'),
(22232483, 'Muhamad Luqman Abdurrasyid'),
(22232495, 'Muhammad Izza Khairullah'),
(22235185, 'Azma\'ul Fathan Al Haq Gunawan'),
(22430872, 'Nabila Octavria Putri'),
(22431511, 'Muhammad Aulia Rahman'),
(22431608, 'Muhammad Affan Satriatama'),
(22431618, 'Sabrina Mulya Azzahra'),
(22431623, 'Dinda Mariella La Basse'),
(22431663, 'Rifdah Nur Hilmi'),
(22516121, 'Clarissa Maharani Mukhtar'),
(22672594, 'Ilham Wira Yuhda'),
(22672607, 'Aqil Al Ahnaf Maswar'),
(22672608, 'Iqbal Aliandra Putra'),
(22672688, 'Muhammad Fajar Dito Prakoso'),
(22958566, 'Siti Arneidha Naimah Marasabessy'),
(22973297, 'Divya Zahra Sabhira'),
(23162161, 'Windy Wulandari'),
(23578884, 'Syifa Aulia Sevana'),
(23593652, 'Nabilah Aniq Fauziyah'),
(23659869, 'Chara Arva Permata Hati'),
(23766070, 'Diva Adisti'),
(23877551, 'Irfan Maulana'),
(23883060, 'Prayoga Prasetyo'),
(23930929, 'Bagas Fadhlurrohman'),
(23937768, 'Raisyah Khumaira Akbari'),
(23937793, 'Muhammad Hafizh Hariyanto'),
(24017024, 'Fauzan Almas Saepullah'),
(24092279, 'Luthfia Nazkia Eka Putri'),
(24092316, 'Aprilianti Lestari Nuzi'),
(24092355, 'Harits Muhammad Rakeen'),
(24233640, 'Faalih Akram Basri'),
(24233666, 'Della Septia Anriany'),
(24334626, 'Reza Akbar Pratama'),
(24334687, 'Yolanda Anggraini'),
(24334692, 'Nurassyah'),
(24334764, 'Refi Carrisa'),
(24334786, 'Ardhya Setya Wicaksana'),
(24376077, 'Rifa Kamalia Shinta Abdullah'),
(24585347, 'Chesta Adabi Sativa'),
(24652866, 'Satryo Naufal Al Ghani'),
(24691173, 'Attala Rania Pelangi Azzahrah'),
(25099162, 'Fahry Rahman Hardi'),
(25153421, 'Diva Auliya Zulkarnaen'),
(25239222, 'Muhammad Rizal Yustriandi'),
(25239231, 'Fikry Haruno Prijadanto'),
(25239270, 'Fitria Iedha Kusuma'),
(25291341, 'Christina Damayanti'),
(26172923, 'Siti Aqilla Sayyidha Winata Praja'),
(26291257, 'Jenghiz Khan'),
(26369753, 'Annisa Rachma Nadia'),
(26579071, 'Fany Nurul Dzihni'),
(26938134, 'Fadhli Rizal Muttaqin'),
(27960978, 'Satria Nugraha'),
(28023152, 'Muhammad Alghifari Ingkadijaya'),
(28295664, 'Farah Gina Putri Ananda'),
(28477461, 'Najya Kayla Deva'),
(29843688, 'Syarifah Nurhaliza'),
(30132582, 'Lydia Monica Stefany'),
(30178616, 'Albi Darlian Santosa'),
(31972607, 'Alvonda Casillas Wijaya'),
(32070962, 'Mochammad Zamzam Alfarizi'),
(32881503, 'Faiza Arzaq Wijoyo'),
(241375441, 'Fauzan Amjaadah Achmad');

-- --------------------------------------------------------

--
-- Table structure for table `tbl_soal`
--

CREATE TABLE `tbl_soal` (
  `id_soal` int(11) NOT NULL,
  `soal` varchar(255) NOT NULL,
  `Kunci_jawaban` varchar(2) NOT NULL
) ENGINE=InnoDB DEFAULT CHARSET=latin1;

--
-- Dumping data for table `tbl_soal`
--

INSERT INTO `tbl_soal` (`id_soal`, `soal`, `Kunci_jawaban`) VALUES
(1980, '1', '1'),
(1981, '2', '1'),
(1982, '3', '1'),
(1983, '4', '1'),
(1984, '5', '1'),
(1985, '6', '1'),
(1986, '7', '1'),
(1987, '8', '1'),
(1988, '9', '1'),
(1989, '10', '1'),
(1990, '11', '1'),
(1991, '12', '1'),
(1992, '13', '1'),
(1993, '14', '1'),
(1994, '15', '1'),
(1995, '16', '1'),
(1996, '17', '1'),
(1997, '18', '1'),
(1998, '19', '1'),
(1999, '20', '1'),
(2000, '21', '1'),
(2001, '22', '1'),
(2002, '23', '1'),
(2003, '24', '1'),
(2004, '25', '1'),
(2005, '26', '1'),
(2006, '27', '1'),
(2007, '28', '1'),
(2008, '29', '1'),
(2009, '30', '1'),
(2010, '31', '1'),
(2011, '32', '1'),
(2012, '33', '1'),
(2013, '34', '1'),
(2014, '35', '1'),
(2015, '36', '1'),
(2016, '37', '1'),
(2017, '38', '1'),
(2018, '39', '1'),
(2019, '40', '1');

--
-- Indexes for dumped tables
--

--
-- Indexes for table `tbl_siswa`
--
ALTER TABLE `tbl_siswa`
  ADD PRIMARY KEY (`id_siswa`);

--
-- Indexes for table `tbl_soal`
--
ALTER TABLE `tbl_soal`
  ADD PRIMARY KEY (`id_soal`);

/*!40101 SET CHARACTER_SET_CLIENT=@OLD_CHARACTER_SET_CLIENT */;
/*!40101 SET CHARACTER_SET_RESULTS=@OLD_CHARACTER_SET_RESULTS */;
/*!40101 SET COLLATION_CONNECTION=@OLD_COLLATION_CONNECTION */;
